snr_db,pa_method,sum_rate_mean,sum_rate_std,outage_weak_mean,outage_weak_std,outage_strong_mean,outage_strong_std,ber_weak_mean,ber_weak_std,ber_strong_mean,ber_strong_std,cache_hit_weak_mean,cache_hit_weak_std,cache_hit_strong_mean,cache_hit_strong_std,energy_mean,energy_std,cic_opportunity_mean,cic_opportunity_std,cic_benefit_mean,cic_benefit_std,sic_success_mean,sic_success_std,outage_prob,cache_hit_rate,cic_benefit_rate,energy_efficiency,label
-10,closedform,10.96,6.8390016733274415,0.46,0.4988965780511852,0.444,0.49735170396297,0.20212030194443628,0.2203091792122689,0.15814406261626807,0.18115599209770988,0.54,0.49889657805118515,0.556,0.49735170396297,1.428,0.9046838706485395,0.524,0.49992384189533395,0.0,0.0,0.286,0.45234193532426964,0.452,0.548,0.0,7.675070028011205,Standard CIC
-8,closedform,12.103777438776248,7.118754368565686,0.392,0.48868561187588594,0.386,0.4873181280394068,0.16552775612979914,0.2078505296053327,0.12713187001401605,0.16182903014028535,0.608,0.48868561187588594,0.602,0.489975665012671,1.24,0.9717451194394077,0.45,0.4979919597583559,0.012,0.10899430957182159,0.474,0.4998236161833385,0.389,0.605,0.026666666666666665,9.76111083772278,Standard CIC
-6,closedform,10.664304973624501,7.128363298801133,0.452,0.4981891054303969,0.312,0.463773837494839,0.18425632602605543,0.20587259570479868,0.14083124704849245,0.15538883381613786,0.548,0.4981891054303969,0.512,0.5003565862730835,1.424,0.9065692116275192,0.484,0.5002444292323062,0.11,0.31320311681841473,0.476,0.4999238418953339,0.382,0.53,0.2272727272727273,7.488978211814959,Standard CIC
-4,closedform,11.340379072535233,6.92224871279917,0.406,0.4915763364821159,0.1,0.3003004507513149,0.1573819660949362,0.19094373823954303,0.10835970600234818,0.1310852601883998,0.586,0.49304176330278704,0.53,0.49959903762596813,1.376,0.927547674989678,0.492,0.5004366830554041,0.23,0.4212539730609544,0.534,0.49934225273928257,0.253,0.558,0.467479674796748,8.241554558528513,Standard CIC
-2,closedform,10.926048603660798,6.782585345589396,0.41,0.49232587738110833,0.074,0.26203305639802504,0.15594673165875048,0.17982531156644468,0.08899240011422899,0.11504429406860828,0.55,0.4979919597583559,0.514,0.5003045164881453,1.448,0.8949289332629615,0.512,0.5003565862730835,0.262,0.4401630231788535,0.586,0.49304176330278704,0.242,0.532,0.51171875,7.545613676561325,Standard CIC
0,closedform,11.222385148207467,6.904740437086228,0.362,0.481060118566641,0.06,0.23772468540751976,0.13956333679111071,0.16655921831310133,0.06648550743040121,0.10086021221809838,0.562,0.4966379955230917,0.52,0.5001001903626928,1.396,0.9191701406676512,0.478,0.5000160318071094,0.274,0.44645564761864215,0.754,0.4311098600389994,0.211,0.541,0.5732217573221758,8.038957842555492,Standard CIC
2,closedform,11.207291789085192,6.482211522930308,0.276,0.4474644666314808,0.07,0.2554025468194154,0.13000905780249594,0.15675650047119835,0.05053473806674079,0.10214305727936307,0.538,0.4990532118085534,0.522,0.5000160318071094,1.468,0.8846135213551332,0.528,0.4997153498360075,0.362,0.481060118566641,0.854,0.3534598530745337,0.17300000000000001,0.53,0.6856060606060606,7.63439495169291,Standard CIC
4,closedform,11.669301018837386,6.410122829752127,0.258,0.4379721900743894,0.054,0.2262440557130529,0.1238667092133208,0.1523528515660366,0.031610839821696955,0.08819996789046296,0.53,0.49959903762596813,0.56,0.49688407860903566,1.424,0.9065692116275192,0.514,0.5003045164881453,0.364,0.48163049724009743,0.9,0.3003004507513149,0.156,0.545,0.7081712062256809,8.194733861543108,Standard CIC
6,closedform,12.226446860785103,6.360532681134293,0.16,0.366973212479269,0.082,0.2746394977191278,0.08809932361583608,0.12580413555397033,0.03449662436151414,0.09847505731592636,0.582,0.49372414064344494,0.544,0.4985590458957585,1.368,0.9307570129923647,0.494,0.5004647139007099,0.37,0.48328783790670443,0.938,0.24139706934878133,0.121,0.563,0.7489878542510121,8.937461155544666,Standard CIC
8,closedform,12.22305839089734,6.332299082099233,0.132,0.33882976732047154,0.066,0.24853075276540784,0.08498865057509972,0.1283185517900994,0.02410284071322512,0.08367116936675668,0.524,0.4999238418953339,0.572,0.4952843761178551,1.38,0.9259128626704118,0.476,0.4999238418953339,0.396,0.48955421216991546,0.986,0.11760809209681664,0.099,0.548,0.8319327731092437,8.857288689056043,Standard CIC
10,closedform,12.994275940602174,6.154696010032481,0.1,0.3003004507513149,0.066,0.24853075276540784,0.06578171360834292,0.11044187447752665,0.020849031697240398,0.07588373210298675,0.56,0.49688407860903566,0.594,0.4915763364821159,1.312,0.9510336113196628,0.466,0.49934225273928257,0.394,0.48912420198753187,0.984,0.12560076075487922,0.083,0.577,0.8454935622317596,9.904173735215071,Standard CIC
12,closedform,13.126777620543404,5.839181478740217,0.096,0.29488627609921647,0.02,0.14014021035061358,0.06278407371883163,0.1136027823713097,0.014222870088389171,0.057901061053338795,0.554,0.49757326929471735,0.578,0.49437314815758193,1.36,0.9338866572433479,0.492,0.5004366830554041,0.448,0.4977866844003892,0.986,0.11760809209681664,0.058,0.5660000000000001,0.910569105691057,9.65204236804662,Standard CIC
14,closedform,13.144918789162332,5.940584722517887,0.07,0.2554025468194154,0.028,0.16513794561567105,0.053684417873550626,0.10495192673251544,0.012779098007275691,0.05464783161895506,0.538,0.4990532118085534,0.554,0.49757326929471735,1.376,0.927547674989678,0.468,0.4994746739323223,0.444,0.49735170396297,0.992,0.08917344788453135,0.049,0.546,0.9487179487179487,9.552993306077276,Standard CIC
16,closedform,13.232591970546961,5.728515984704019,0.056,0.2301519929954106,0.026,0.15929453694021647,0.05102944506321224,0.09698651261221063,0.011458901414975969,0.04993981067837346,0.5,0.5005007512521914,0.568,0.4958505172639653,1.412,0.9120963982383433,0.48,0.5001001903626928,0.46,0.4988965780511852,0.992,0.08917344788453134,0.041,0.534,0.9583333333333334,9.37152405846102,Standard CIC
18,closedform,14.164992084894875,5.448733920403839,0.03,0.17075806462145948,0.022,0.14683023611120752,0.03624358464340662,0.08276248916956166,0.008266381360513962,0.043234272692825135,0.566,0.4961212276703046,0.546,0.4983781310642012,1.392,0.9208865642022673,0.504,0.5004847349718868,0.492,0.5004366830554041,1.0,0.0,0.026,0.556,0.9761904761904762,10.176000060987697,Standard CIC
20,closedform,14.163781800807744,5.538546440633989,0.038,0.19138771777999253,0.032,0.1761762644407714,0.04389946168931027,0.09159188835172187,0.009589818087386242,0.048438103098700315,0.54,0.4988965780511852,0.538,0.4990532118085534,1.416,0.9102753442804049,0.494,0.5004647139007099,0.468,0.4994746739323223,0.998,0.044721359549995794,0.035,0.539,0.9473684210526316,10.002670763282305,Standard CIC
22,closedform,15.024391004137504,5.2447699463005995,0.014,0.11760809209681665,0.014,0.11760809209681664,0.033465735939653754,0.0760474368683925,0.004264049802556848,0.03170944425030353,0.576,0.49468517953715513,0.582,0.49372414064344494,1.332,0.9442240826395357,0.49,0.5004006410899234,0.48,0.5001001903626928,1.0,0.0,0.014,0.579,0.9795918367346939,11.279572825929057,Standard CIC
24,closedform,14.594788264562158,5.572161891149778,0.014,0.11760809209681664,0.022,0.14683023611120752,0.03495010319912237,0.07590474917674615,0.006184620919816373,0.039212465426213934,0.522,0.5000160318071094,0.536,0.49920176763471025,1.444,0.8969241583834076,0.502,0.5004967472301652,0.496,0.5004847349718868,1.0,0.0,0.018,0.529,0.9880478087649402,10.107194089031966,Standard CIC
26,closedform,15.357087360447188,5.374829926628189,0.002,0.044721359549995794,0.044,0.20530050314888754,0.02446638035502968,0.06288369118634435,0.01173623926070103,0.0544851899650762,0.55,0.4979919597583559,0.554,0.49757326929471735,1.408,0.9138962812188545,0.512,0.5003565862730837,0.512,0.5003565862730837,0.998,0.044721359549995794,0.023,0.552,1.0,10.907022273044879,Standard CIC
28,closedform,15.179204755740257,5.7356466427774055,0.014,0.11760809209681664,0.022,0.14683023611120752,0.033343748201049836,0.07381979772564722,0.006101489720151504,0.039168453727176436,0.522,0.5000160318071094,0.506,0.5004647139007099,1.476,0.880326046357707,0.504,0.5004847349718868,0.502,0.5004967472301652,1.0,0.0,0.018,0.514,0.996031746031746,10.284014062154645,Standard CIC
30,closedform,16.304276169877916,5.19810795597048,0.014,0.11760809209681665,0.01,0.09959839195167117,0.026253983562398716,0.06923588889613962,0.0030077460592597143,0.026913989314879875,0.566,0.49612122767030453,0.612,0.48778259883625913,1.312,0.9510336113196628,0.49,0.5004006410899234,0.484,0.5002444292323062,1.0,0.0,0.012,0.589,0.9877551020408163,12.42703976362646,Standard CIC
-10,cache_aware,10.96,6.8390016733274415,0.46,0.4988965780511852,0.444,0.49735170396297,0.19622016091150485,0.21457696520308916,0.15220509436676447,0.17341928483159091,0.54,0.49889657805118515,0.556,0.49735170396297,1.428,0.9046838706485395,0.524,0.49992384189533395,0.0,0.0,0.286,0.45234193532426964,0.452,0.548,0.0,7.675070028011205,Hybrid CIC
-8,cache_aware,12.106221833793992,7.118082590353124,0.392,0.48868561187588594,0.378,0.48537323200676963,0.1601795756348917,0.20188556381683495,0.12074852300887734,0.15212287637028785,0.608,0.48868561187588594,0.602,0.489975665012671,1.24,0.9717451194394077,0.45,0.4979919597583559,0.02,0.14014021035061358,0.428,0.49528437611785503,0.385,0.605,0.044444444444444446,9.763082124027413,Hybrid CIC
-6,cache_aware,10.68432973207362,7.127002226529803,0.452,0.4981891054303969,0.258,0.4379721900743894,0.1780850018084267,0.2001357067944318,0.12928949644299242,0.1395910861008631,0.548,0.4981891054303969,0.512,0.5003565862730835,1.424,0.9065692116275192,0.484,0.5002444292323062,0.164,0.37064640496709267,0.546,0.4983781310642012,0.355,0.53,0.3388429752066116,7.503040542186531,Hybrid CIC
-4,cache_aware,11.369668267821949,6.9177180368314595,0.384,0.4868449815620413,0.066,0.24853075276540784,0.1486025322692418,0.18276648067343704,0.09885507662056264,0.116979956544259,0.586,0.49304176330278704,0.53,0.49959903762596813,1.376,0.927547674989678,0.492,0.5004366830554041,0.286,0.45234193532426964,0.65,0.47744728695809685,0.225,0.558,0.5813008130081301,8.262840310917113,Hybrid CIC
-2,cache_aware,10.995377885456621,6.775964015242386,0.318,0.4661658730993561,0.04,0.19615543303160288,0.14341501062337722,0.1705163283680048,0.07841828424756422,0.09697300721468206,0.55,0.4979919597583559,0.514,0.5003045164881453,1.448,0.8949289332629615,0.512,0.5003565862730835,0.388,0.48778259883625913,0.696,0.4604432821011336,0.179,0.532,0.7578125,7.593493014818108,Hybrid CIC
0,cache_aware,11.312323140013694,6.8941343777480775,0.286,0.4523419353242696,0.028,0.16513794561567105,0.12641026794604657,0.15730521072297948,0.05410906834679861,0.07770237231959194,0.562,0.4966379955230917,0.52,0.5001001903626928,1.396,0.9191701406676512,0.478,0.5000160318071094,0.382,0.4863631340843925,0.78,0.4146611722545904,0.157,0.541,0.799163179916318,8.103383338118691,Hybrid CIC
2,cache_aware,11.320121432818242,6.471984610406689,0.23,0.4212539730609544,0.038,0.19138771777999253,0.11581173442670586,0.14844961573440826,0.03773986472209611,0.07994934288985961,0.538,0.4990532118085534,0.522,0.5000160318071094,1.468,0.8846135213551332,0.528,0.4997153498360075,0.44,0.49688407860903566,0.856,0.3514413493658482,0.134,0.53,0.8333333333333333,7.711254382028775,Hybrid CIC
4,cache_aware,11.810898830222344,6.3911976890548345,0.22,0.4146611722545904,0.028,0.16513794561567102,0.10717280639412828,0.14455401513133187,0.020261483194857547,0.06566561441661015,0.53,0.49959903762596813,0.56,0.49688407860903566,1.424,0.9065692116275192,0.514,0.5003045164881453,0.428,0.49528437611785503,0.95,0.2181632195874491,0.124,0.545,0.8326848249027237,8.294170526841533,Hybrid CIC
6,cache_aware,12.44375924871506,6.320915067351221,0.14,0.3473345398389429,0.032,0.1761762644407714,0.07560361416233724,0.11981223212667307,0.01612663183017911,0.06516363066765136,0.582,0.49372414064344494,0.544,0.4985590458957585,1.368,0.9307570129923647,0.494,0.5004647139007099,0.44,0.49688407860903566,0.986,0.11760809209681664,0.08600000000000001,0.563,0.8906882591093117,9.096315240288787,Hybrid CIC
8,cache_aware,12.433419329364973,6.305818299093384,0.124,0.32991162963244175,0.038,0.19138771777999253,0.07369408666586073,0.12462149200946404,0.015003936386213067,0.06769846756283747,0.524,0.4999238418953339,0.572,0.4952843761178551,1.38,0.9259128626704118,0.476,0.4999238418953339,0.432,0.4958505172639653,1.0,0.0,0.081,0.548,0.907563025210084,9.00972415171375,Hybrid CIC
10,cache_aware,13.245305031626051,6.103130667985841,0.092,0.28931541060515126,0.034,0.18141063816457556,0.05796895142803405,0.10738259982339668,0.012098671651690818,0.06048393809641855,0.56,0.49688407860903566,0.594,0.4915763364821159,1.312,0.9510336113196628,0.466,0.49934225273928257,0.434,0.49612122767030464,0.994,0.07730428127734981,0.063,0.577,0.9313304721030042,10.095506883861319,Hybrid CIC
12,cache_aware,13.422134457398286,5.791085253999619,0.082,0.2746394977191278,0.02,0.14014021035061358,0.057075009266076775,0.11007872496353152,0.00654347278886113,0.043734837776966864,0.554,0.49757326929471735,0.578,0.49437314815758193,1.36,0.9338866572433479,0.492,0.5004366830554041,0.462,0.4990532118085534,0.996,0.06318214912406725,0.051000000000000004,0.5660000000000001,0.9390243902439025,9.869216512792857,Hybrid CIC
14,cache_aware,13.425800167672167,5.914400101366474,0.066,0.24853075276540784,0.028,0.16513794561567105,0.04899039061185609,0.10290028261630933,0.009108243916016095,0.04947042906944932,0.538,0.4990532118085534,0.554,0.49757326929471735,1.376,0.927547674989678,0.468,0.4994746739323223,0.448,0.4977866844003892,0.994,0.07730428127734981,0.047,0.546,0.9572649572649572,9.757122214878029,Hybrid CIC
16,cache_aware,13.571772094693767,5.71674512759558,0.056,0.2301519929954106,0.026,0.15929453694021647,0.04730771889460669,0.09420647530978442,0.008166781487157096,0.046851230218047185,0.5,0.5005007512521914,0.568,0.4958505172639653,1.412,0.9120963982383433,0.48,0.5001001903626928,0.46,0.4988965780511852,0.994,0.07730428127734981,0.041,0.534,0.9583333333333334,9.611736610972923,Hybrid CIC
18,cache_aware,14.450991264095773,5.419069286908437,0.026,0.15929453694021647,0.022,0.14683023611120752,0.03332040025004765,0.07920632611229544,0.006936077037224048,0.0425213779447394,0.566,0.4961212276703046,0.546,0.4983781310642012,1.392,0.9208865642022673,0.504,0.5004847349718868,0.496,0.5004847349718868,1.0,0.0,0.024,0.556,0.9841269841269841,10.381459241448113,Hybrid CIC
20,cache_aware,14.466144703403923,5.534427155349609,0.03,0.17075806462145948,0.032,0.1761762644407714,0.04109437803605996,0.08755101330783255,0.0090505814551414,0.04838266829030561,0.54,0.4988965780511852,0.538,0.4990532118085534,1.416,0.9102753442804049,0.494,0.5004647139007099,0.476,0.4999238418953339,1.0,0.0,0.031,0.539,0.9635627530364372,10.216203886584692,Hybrid CIC
22,cache_aware,15.47067625880837,5.21325154113136,0.018,0.13308426971543774,0.014,0.11760809209681664,0.03223503763340417,0.07444570534575456,0.0038739355469805305,0.031690117200879823,0.576,0.49468517953715513,0.582,0.49372414064344494,1.332,0.9442240826395357,0.49,0.5004006410899234,0.476,0.4999238418953339,1.0,0.0,0.016,0.579,0.9714285714285714,11.614621815922199,Hybrid CIC
24,cache_aware,15.011416923378032,5.625226121331368,0.014,0.11760809209681664,0.022,0.14683023611120752,0.03374368942414638,0.0746922572104433,0.006150673906820551,0.039217205283728435,0.522,0.5000160318071094,0.536,0.49920176763471025,1.444,0.8969241583834076,0.502,0.5004967472301652,0.496,0.5004847349718868,1.0,0.0,0.018,0.529,0.9880478087649402,10.395718090982017,Hybrid CIC
26,cache_aware,15.780726963502474,5.418057647947437,0.002,0.044721359549995794,0.044,0.20530050314888754,0.02426683056563926,0.06279095744954144,0.011734060877583203,0.054485657820785086,0.55,0.4979919597583559,0.554,0.49757326929471735,1.408,0.9138962812188545,0.512,0.5003565862730837,0.512,0.5003565862730837,1.0,0.0,0.023,0.552,1.0,11.207902672942097,Hybrid CIC
28,cache_aware,15.562503570135322,5.816749211880907,0.012,0.10899430957182159,0.022,0.14683023611120752,0.03275251386178583,0.0730959619335742,0.006101435505964346,0.03916846218465243,0.522,0.5000160318071094,0.506,0.5004647139007099,1.476,0.880326046357707,0.504,0.5004847349718868,0.504,0.5004847349718868,1.0,0.0,0.017,0.514,1.0,10.543701605782738,Hybrid CIC
30,cache_aware,16.817062915000328,5.257224424713823,0.012,0.10899430957182159,0.01,0.09959839195167117,0.026113597546705735,0.06921352309527742,0.003007745995253361,0.02691398932204715,0.566,0.49612122767030453,0.612,0.48778259883625913,1.312,0.9510336113196628,0.49,0.5004006410899234,0.486,0.5003045164881453,1.0,0.0,0.011,0.589,0.9918367346938776,12.817883319360007,Hybrid CIC
