seed,total_requests,hits,hit_rate,num_misses,outage_rate,pair_count,single_count,pairs_both_satisfied,pairs_partial,pairs_none,top_popular,noma_success_rate,avg_ber,avg_ber_weak,avg_ber_strong,cumulative_reward,policy,total_transmissions,outages,q_table_size,final_epsilon,cache_contents_count
2025,10000,7272,0.7272,2728.0,0.5,1364.0,0.0,0.0,1364.0,0.0,"[np.int32(0), np.int32(1), np.int32(2), np.int32(3), np.int32(4), np.int32(5), np.int32(6), np.int32(8), np.int32(7), np.int32(9)]",0.5,0.01,0.01,0.01,0.0,topk,,,,,
2026,10000,7284,0.7284,2716.0,0.5,1358.0,0.0,0.0,1358.0,0.0,"[np.int32(0), np.int32(1), np.int32(2), np.int32(3), np.int32(4), np.int32(5), np.int32(6), np.int32(7), np.int32(8), np.int32(9)]",0.5,0.01,0.01,0.01,0.0,topk,,,,,
2027,10000,7279,0.7279,2721.0,0.4998162440279309,1360.0,1.0,0.0,1360.0,0.0,"[np.int32(0), np.int32(1), np.int32(2), np.int32(3), np.int32(4), np.int32(5), np.int32(6), np.int32(7), np.int32(8), np.int32(10)]",0.5,0.01,0.01,0.01,0.0,topk,,,,,
2028,10000,7354,0.7354,2646.0,0.5,1323.0,0.0,0.0,1323.0,0.0,"[np.int32(0), np.int32(1), np.int32(2), np.int32(3), np.int32(4), np.int32(5), np.int32(6), np.int32(7), np.int32(8), np.int32(10)]",0.5,0.01,0.01,0.01,0.0,topk,,,,,
2029,10000,7246,0.7246,2754.0,0.5,1377.0,0.0,0.0,1377.0,0.0,"[np.int32(0), np.int32(1), np.int32(2), np.int32(3), np.int32(4), np.int32(5), np.int32(6), np.int32(8), np.int32(7), np.int32(11)]",0.5,0.01,0.01,0.01,0.0,topk,,,,,
2030,10000,7319,0.7319,2681.0,0.4998135024244685,1340.0,1.0,0.0,1340.0,0.0,"[np.int32(0), np.int32(1), np.int32(2), np.int32(3), np.int32(4), np.int32(5), np.int32(6), np.int32(7), np.int32(8), np.int32(9)]",0.5,0.01,0.01,0.01,0.0,topk,,,,,
2031,10000,7307,0.7307,2693.0,0.441515038989974,1346.0,1.0,157.0,1189.0,0.0,"[np.int32(0), np.int32(1), np.int32(2), np.int32(3), np.int32(4), np.int32(5), np.int32(6), np.int32(7), np.int32(8), np.int32(9)]",0.5,0.01,0.01,0.01,0.0,topk,,,,,
2032,10000,7312,0.7312,2688.0,0.5,1344.0,0.0,0.0,1344.0,0.0,"[np.int32(0), np.int32(1), np.int32(2), np.int32(3), np.int32(4), np.int32(5), np.int32(6), np.int32(7), np.int32(8), np.int32(9)]",0.5,0.01,0.01,0.01,0.0,topk,,,,,
2033,10000,7309,0.7309,2691.0,0.4998141954663694,1345.0,1.0,0.0,1345.0,0.0,"[np.int32(0), np.int32(1), np.int32(2), np.int32(3), np.int32(4), np.int32(5), np.int32(6), np.int32(7), np.int32(8), np.int32(9)]",0.5,0.01,0.01,0.01,0.0,topk,,,,,
2034,10000,7283,0.7283,2717.0,0.49981597350018403,1358.0,1.0,0.0,1358.0,0.0,"[np.int32(0), np.int32(1), np.int32(2), np.int32(3), np.int32(4), np.int32(5), np.int32(6), np.int32(7), np.int32(8), np.int32(9)]",0.5,0.01,0.01,0.01,0.0,topk,,,,,
2035,10000,7284,0.7284,2716.0,0.49337260677466865,1358.0,0.0,18.0,1340.0,0.0,"[np.int32(0), np.int32(1), np.int32(2), np.int32(3), np.int32(4), np.int32(5), np.int32(6), np.int32(7), np.int32(8), np.int32(9)]",0.5,0.01,0.01,0.01,0.0,topk,,,,,
2036,10000,7208,0.7208,2792.0,0.5,1396.0,0.0,0.0,1396.0,0.0,"[np.int32(0), np.int32(1), np.int32(2), np.int32(3), np.int32(4), np.int32(5), np.int32(6), np.int32(7), np.int32(8), np.int32(10)]",0.5,0.01,0.01,0.01,0.0,topk,,,,,
2037,10000,7259,0.7259,2741.0,0.32360452389638816,1370.0,1.0,483.0,887.0,0.0,"[np.int32(0), np.int32(1), np.int32(2), np.int32(3), np.int32(4), np.int32(5), np.int32(7), np.int32(6), np.int32(8), np.int32(10)]",0.5,0.01,0.01,0.01,0.0,topk,,,,,
2038,10000,7312,0.7312,2688.0,0.5,1344.0,0.0,0.0,1344.0,0.0,"[np.int32(0), np.int32(1), np.int32(2), np.int32(3), np.int32(4), np.int32(5), np.int32(6), np.int32(7), np.int32(8), np.int32(9)]",0.5,0.01,0.01,0.01,0.0,topk,,,,,
2039,10000,7258,0.7258,2742.0,0.5,1371.0,0.0,0.0,1371.0,0.0,"[np.int32(0), np.int32(1), np.int32(2), np.int32(3), np.int32(4), np.int32(5), np.int32(6), np.int32(7), np.int32(8), np.int32(9)]",0.5,0.01,0.01,0.01,0.0,topk,,,,,
2040,10000,7308,0.7308,2692.0,0.3777860326894502,1346.0,0.0,329.0,1017.0,0.0,"[np.int32(0), np.int32(1), np.int32(2), np.int32(3), np.int32(4), np.int32(5), np.int32(6), np.int32(7), np.int32(9), np.int32(8)]",0.5,0.01,0.01,0.01,0.0,topk,,,,,
2041,10000,7305,0.7305,2695.0,0.4998144712430427,1347.0,1.0,0.0,1347.0,0.0,"[np.int32(0), np.int32(1), np.int32(2), np.int32(3), np.int32(4), np.int32(5), np.int32(6), np.int32(7), np.int32(8), np.int32(9)]",0.5,0.01,0.01,0.01,0.0,topk,,,,,
2042,10000,7247,0.7247,2753.0,0.4998183799491464,1376.0,1.0,0.0,1376.0,0.0,"[np.int32(0), np.int32(1), np.int32(2), np.int32(3), np.int32(4), np.int32(5), np.int32(6), np.int32(7), np.int32(9), np.int32(8)]",0.5,0.01,0.01,0.01,0.0,topk,,,,,
2043,10000,7215,0.7215,2785.0,0.44560143626570914,1392.0,1.0,151.0,1241.0,0.0,"[np.int32(0), np.int32(1), np.int32(2), np.int32(3), np.int32(4), np.int32(5), np.int32(6), np.int32(7), np.int32(8), np.int32(10)]",0.5,0.01,0.01,0.01,0.0,topk,,,,,
2044,10000,7324,0.7324,2676.0,0.34641255605381166,1338.0,0.0,411.0,927.0,0.0,"[np.int32(0), np.int32(1), np.int32(2), np.int32(3), np.int32(4), np.int32(5), np.int32(6), np.int32(7), np.int32(8), np.int32(9)]",0.5,0.01,0.01,0.01,0.0,topk,,,,,
2025,10000,6017,0.6017,3983.0,0.49987446648255085,1991.0,1.0,0.0,1991.0,0.0,"[np.int32(0), np.int32(1), np.int32(2), np.int32(3), np.int32(4), np.int32(5), np.int32(6), np.int32(8), np.int32(7), np.int32(9)]",0.5,0.01,0.01,0.01,0.0,lru,,,,,
2026,10000,6066,0.6066,3934.0,0.5,1967.0,0.0,0.0,1967.0,0.0,"[np.int32(0), np.int32(1), np.int32(2), np.int32(3), np.int32(4), np.int32(5), np.int32(6), np.int32(7), np.int32(8), np.int32(9)]",0.5,0.01,0.01,0.01,0.0,lru,,,,,
2027,10000,6062,0.6062,3938.0,0.5,1969.0,0.0,0.0,1969.0,0.0,"[np.int32(0), np.int32(1), np.int32(2), np.int32(3), np.int32(4), np.int32(5), np.int32(6), np.int32(7), np.int32(8), np.int32(10)]",0.5,0.01,0.01,0.01,0.0,lru,,,,,
2028,10000,6163,0.6163,3837.0,0.43784206411258797,1918.0,1.0,238.0,1680.0,0.0,"[np.int32(0), np.int32(1), np.int32(2), np.int32(3), np.int32(4), np.int32(5), np.int32(6), np.int32(7), np.int32(8), np.int32(10)]",0.5,0.01,0.01,0.01,0.0,lru,,,,,
2029,10000,6039,0.6039,3961.0,0.49987376925018934,1980.0,1.0,0.0,1980.0,0.0,"[np.int32(0), np.int32(1), np.int32(2), np.int32(3), np.int32(4), np.int32(5), np.int32(6), np.int32(8), np.int32(7), np.int32(11)]",0.5,0.01,0.01,0.01,0.0,lru,,,,,
2030,10000,6146,0.6146,3854.0,0.5,1927.0,0.0,0.0,1927.0,0.0,"[np.int32(0), np.int32(1), np.int32(2), np.int32(3), np.int32(4), np.int32(5), np.int32(6), np.int32(7), np.int32(8), np.int32(9)]",0.5,0.01,0.01,0.01,0.0,lru,,,,,
2031,10000,6105,0.6105,3895.0,0.49114249037227214,1947.0,1.0,34.0,1913.0,0.0,"[np.int32(0), np.int32(1), np.int32(2), np.int32(3), np.int32(4), np.int32(5), np.int32(6), np.int32(7), np.int32(8), np.int32(9)]",0.5,0.01,0.01,0.01,0.0,lru,,,,,
2032,10000,6032,0.6032,3968.0,0.5,1984.0,0.0,0.0,1984.0,0.0,"[np.int32(0), np.int32(1), np.int32(2), np.int32(3), np.int32(4), np.int32(5), np.int32(6), np.int32(7), np.int32(8), np.int32(9)]",0.5,0.01,0.01,0.01,0.0,lru,,,,,
2033,10000,6107,0.6107,3893.0,0.4998715643462625,1946.0,1.0,0.0,1946.0,0.0,"[np.int32(0), np.int32(1), np.int32(2), np.int32(3), np.int32(4), np.int32(5), np.int32(6), np.int32(7), np.int32(8), np.int32(9)]",0.5,0.01,0.01,0.01,0.0,lru,,,,,
2034,10000,6035,0.6035,3965.0,0.4998738965952081,1982.0,1.0,0.0,1982.0,0.0,"[np.int32(0), np.int32(1), np.int32(2), np.int32(3), np.int32(4), np.int32(5), np.int32(6), np.int32(7), np.int32(8), np.int32(9)]",0.5,0.01,0.01,0.01,0.0,lru,,,,,
2035,10000,6103,0.6103,3897.0,0.4998716961765461,1948.0,1.0,0.0,1948.0,0.0,"[np.int32(0), np.int32(1), np.int32(2), np.int32(3), np.int32(4), np.int32(5), np.int32(6), np.int32(7), np.int32(8), np.int32(9)]",0.5,0.01,0.01,0.01,0.0,lru,,,,,
2036,10000,5992,0.5992,4008.0,0.5,2004.0,0.0,0.0,2004.0,0.0,"[np.int32(0), np.int32(1), np.int32(2), np.int32(3), np.int32(4), np.int32(5), np.int32(6), np.int32(7), np.int32(8), np.int32(10)]",0.5,0.01,0.01,0.01,0.0,lru,,,,,
2037,10000,6070,0.607,3930.0,0.33155216284987277,1965.0,0.0,662.0,1303.0,0.0,"[np.int32(0), np.int32(1), np.int32(2), np.int32(3), np.int32(4), np.int32(5), np.int32(7), np.int32(6), np.int32(8), np.int32(10)]",0.5,0.01,0.01,0.01,0.0,lru,,,,,
2038,10000,6124,0.6124,3876.0,0.4840041279669763,1938.0,0.0,62.0,1876.0,0.0,"[np.int32(0), np.int32(1), np.int32(2), np.int32(3), np.int32(4), np.int32(5), np.int32(6), np.int32(7), np.int32(8), np.int32(9)]",0.5,0.01,0.01,0.01,0.0,lru,,,,,
2039,10000,6023,0.6023,3977.0,0.4998742770932864,1988.0,1.0,0.0,1988.0,0.0,"[np.int32(0), np.int32(1), np.int32(2), np.int32(3), np.int32(4), np.int32(5), np.int32(6), np.int32(7), np.int32(8), np.int32(9)]",0.5,0.01,0.01,0.01,0.0,lru,,,,,
2040,10000,6100,0.61,3900.0,0.3792307692307692,1950.0,0.0,471.0,1479.0,0.0,"[np.int32(0), np.int32(1), np.int32(2), np.int32(3), np.int32(4), np.int32(5), np.int32(6), np.int32(7), np.int32(9), np.int32(8)]",0.5,0.01,0.01,0.01,0.0,lru,,,,,
2041,10000,6113,0.6113,3887.0,0.49987136609210187,1943.0,1.0,0.0,1943.0,0.0,"[np.int32(0), np.int32(1), np.int32(2), np.int32(3), np.int32(4), np.int32(5), np.int32(6), np.int32(7), np.int32(8), np.int32(9)]",0.5,0.01,0.01,0.01,0.0,lru,,,,,
2042,10000,6046,0.6046,3954.0,0.5,1977.0,0.0,0.0,1977.0,0.0,"[np.int32(0), np.int32(1), np.int32(2), np.int32(3), np.int32(4), np.int32(5), np.int32(6), np.int32(7), np.int32(9), np.int32(8)]",0.5,0.01,0.01,0.01,0.0,lru,,,,,
2043,10000,5994,0.5994,4006.0,0.45032451323015477,2003.0,0.0,199.0,1804.0,0.0,"[np.int32(0), np.int32(1), np.int32(2), np.int32(3), np.int32(4), np.int32(5), np.int32(6), np.int32(7), np.int32(8), np.int32(10)]",0.5,0.01,0.01,0.01,0.0,lru,,,,,
2044,10000,6119,0.6119,3881.0,0.34784849265653184,1940.0,1.0,590.0,1350.0,0.0,"[np.int32(0), np.int32(1), np.int32(2), np.int32(3), np.int32(4), np.int32(5), np.int32(6), np.int32(7), np.int32(8), np.int32(9)]",0.5,0.01,0.01,0.01,0.0,lru,,,,,
2025,10000,6620,0.662,3380.0,0.5,1690.0,0.0,0.0,1690.0,0.0,"[np.int32(0), np.int32(1), np.int32(2), np.int32(3), np.int32(4), np.int32(5), np.int32(6), np.int32(8), np.int32(7), np.int32(9)]",0.5,0.01,0.01,0.01,0.0,lfu,,,,,
2026,10000,6652,0.6652,3348.0,0.5,1674.0,0.0,0.0,1674.0,0.0,"[np.int32(0), np.int32(1), np.int32(2), np.int32(3), np.int32(4), np.int32(5), np.int32(6), np.int32(7), np.int32(8), np.int32(9)]",0.5,0.01,0.01,0.01,0.0,lfu,,,,,
2027,10000,6678,0.6678,3322.0,0.5,1661.0,0.0,0.0,1661.0,0.0,"[np.int32(0), np.int32(1), np.int32(2), np.int32(3), np.int32(4), np.int32(5), np.int32(6), np.int32(7), np.int32(8), np.int32(10)]",0.5,0.01,0.01,0.01,0.0,lfu,,,,,
2028,10000,6693,0.6693,3307.0,0.43725430904142726,1653.0,1.0,207.0,1446.0,0.0,"[np.int32(0), np.int32(1), np.int32(2), np.int32(3), np.int32(4), np.int32(5), np.int32(6), np.int32(7), np.int32(8), np.int32(10)]",0.5,0.01,0.01,0.01,0.0,lfu,,,,,
2029,10000,6619,0.6619,3381.0,0.49985211475894703,1690.0,1.0,0.0,1690.0,0.0,"[np.int32(0), np.int32(1), np.int32(2), np.int32(3), np.int32(4), np.int32(5), np.int32(6), np.int32(8), np.int32(7), np.int32(11)]",0.5,0.01,0.01,0.01,0.0,lfu,,,,,
2030,10000,6688,0.6688,3312.0,0.5,1656.0,0.0,0.0,1656.0,0.0,"[np.int32(0), np.int32(1), np.int32(2), np.int32(3), np.int32(4), np.int32(5), np.int32(6), np.int32(7), np.int32(8), np.int32(9)]",0.5,0.01,0.01,0.01,0.0,lfu,,,,,
2031,10000,6637,0.6637,3363.0,0.4998513232233125,1681.0,1.0,0.0,1681.0,0.0,"[np.int32(0), np.int32(1), np.int32(2), np.int32(3), np.int32(4), np.int32(5), np.int32(6), np.int32(7), np.int32(8), np.int32(9)]",0.5,0.01,0.01,0.01,0.0,lfu,,,,,
2032,10000,6632,0.6632,3368.0,0.5,1684.0,0.0,0.0,1684.0,0.0,"[np.int32(0), np.int32(1), np.int32(2), np.int32(3), np.int32(4), np.int32(5), np.int32(6), np.int32(7), np.int32(8), np.int32(9)]",0.5,0.01,0.01,0.01,0.0,lfu,,,,,
2033,10000,6685,0.6685,3315.0,0.49984917043740573,1657.0,1.0,0.0,1657.0,0.0,"[np.int32(0), np.int32(1), np.int32(2), np.int32(3), np.int32(4), np.int32(5), np.int32(6), np.int32(7), np.int32(8), np.int32(9)]",0.5,0.01,0.01,0.01,0.0,lfu,,,,,
2034,10000,6611,0.6611,3389.0,0.4998524638536441,1694.0,1.0,0.0,1694.0,0.0,"[np.int32(0), np.int32(1), np.int32(2), np.int32(3), np.int32(4), np.int32(5), np.int32(6), np.int32(7), np.int32(8), np.int32(9)]",0.5,0.01,0.01,0.01,0.0,lfu,,,,,
2035,10000,6630,0.663,3370.0,0.5,1685.0,0.0,0.0,1685.0,0.0,"[np.int32(0), np.int32(1), np.int32(2), np.int32(3), np.int32(4), np.int32(5), np.int32(6), np.int32(7), np.int32(8), np.int32(9)]",0.5,0.01,0.01,0.01,0.0,lfu,,,,,
2036,10000,6511,0.6511,3489.0,0.4998566924620235,1744.0,1.0,0.0,1744.0,0.0,"[np.int32(0), np.int32(1), np.int32(2), np.int32(3), np.int32(4), np.int32(5), np.int32(6), np.int32(7), np.int32(8), np.int32(10)]",0.5,0.01,0.01,0.01,0.0,lfu,,,,,
2037,10000,6656,0.6656,3344.0,0.33343301435406697,1672.0,0.0,557.0,1115.0,0.0,"[np.int32(0), np.int32(1), np.int32(2), np.int32(3), np.int32(4), np.int32(5), np.int32(7), np.int32(6), np.int32(8), np.int32(10)]",0.5,0.01,0.01,0.01,0.0,lfu,,,,,
2038,10000,6704,0.6704,3296.0,0.4993932038834951,1648.0,0.0,2.0,1646.0,0.0,"[np.int32(0), np.int32(1), np.int32(2), np.int32(3), np.int32(4), np.int32(5), np.int32(6), np.int32(7), np.int32(8), np.int32(9)]",0.5,0.01,0.01,0.01,0.0,lfu,,,,,
2039,10000,6587,0.6587,3413.0,0.49985350131848816,1706.0,1.0,0.0,1706.0,0.0,"[np.int32(0), np.int32(1), np.int32(2), np.int32(3), np.int32(4), np.int32(5), np.int32(6), np.int32(7), np.int32(8), np.int32(9)]",0.5,0.01,0.01,0.01,0.0,lfu,,,,,
2040,10000,6617,0.6617,3383.0,0.37924918711203076,1691.0,1.0,408.0,1283.0,0.0,"[np.int32(0), np.int32(1), np.int32(2), np.int32(3), np.int32(4), np.int32(5), np.int32(6), np.int32(7), np.int32(9), np.int32(8)]",0.5,0.01,0.01,0.01,0.0,lfu,,,,,
2041,10000,6716,0.6716,3284.0,0.5,1642.0,0.0,0.0,1642.0,0.0,"[np.int32(0), np.int32(1), np.int32(2), np.int32(3), np.int32(4), np.int32(5), np.int32(6), np.int32(7), np.int32(8), np.int32(9)]",0.5,0.01,0.01,0.01,0.0,lfu,,,,,
2042,10000,6602,0.6602,3398.0,0.5,1699.0,0.0,0.0,1699.0,0.0,"[np.int32(0), np.int32(1), np.int32(2), np.int32(3), np.int32(4), np.int32(5), np.int32(6), np.int32(7), np.int32(9), np.int32(8)]",0.5,0.01,0.01,0.01,0.0,lfu,,,,,
2043,10000,6541,0.6541,3459.0,0.4556230124313385,1729.0,1.0,153.0,1576.0,0.0,"[np.int32(0), np.int32(1), np.int32(2), np.int32(3), np.int32(4), np.int32(5), np.int32(6), np.int32(7), np.int32(8), np.int32(10)]",0.5,0.01,0.01,0.01,0.0,lfu,,,,,
2044,10000,6702,0.6702,3298.0,0.34232868405093997,1649.0,0.0,520.0,1129.0,0.0,"[np.int32(0), np.int32(1), np.int32(2), np.int32(3), np.int32(4), np.int32(5), np.int32(6), np.int32(7), np.int32(8), np.int32(9)]",0.5,0.01,0.01,0.01,0.0,lfu,,,,,
2025,10000,5579,0.5579,4421.0,0.49988690341551684,2210.0,1.0,0.0,2210.0,0.0,"[np.int32(0), np.int32(1), np.int32(2), np.int32(3), np.int32(4), np.int32(5), np.int32(6), np.int32(8), np.int32(7), np.int32(9)]",0.5,0.01,0.01,0.01,0.0,random,,,,,
2026,10000,5559,0.5559,4441.0,0.4998874127448773,2220.0,1.0,0.0,2220.0,0.0,"[np.int32(0), np.int32(1), np.int32(2), np.int32(3), np.int32(4), np.int32(5), np.int32(6), np.int32(7), np.int32(8), np.int32(9)]",0.5,0.01,0.01,0.01,0.0,random,,,,,
2027,10000,5593,0.5593,4407.0,0.49988654413433176,2203.0,1.0,0.0,2203.0,0.0,"[np.int32(0), np.int32(1), np.int32(2), np.int32(3), np.int32(4), np.int32(5), np.int32(6), np.int32(7), np.int32(8), np.int32(10)]",0.5,0.01,0.01,0.01,0.0,random,,,,,
2028,10000,5687,0.5687,4313.0,0.4256897750985393,2156.0,1.0,320.0,1836.0,0.0,"[np.int32(0), np.int32(1), np.int32(2), np.int32(3), np.int32(4), np.int32(5), np.int32(6), np.int32(7), np.int32(8), np.int32(10)]",0.5,0.01,0.01,0.01,0.0,random,,,,,
2029,10000,5527,0.5527,4473.0,0.4998882181980773,2236.0,1.0,0.0,2236.0,0.0,"[np.int32(0), np.int32(1), np.int32(2), np.int32(3), np.int32(4), np.int32(5), np.int32(6), np.int32(8), np.int32(7), np.int32(11)]",0.5,0.01,0.01,0.01,0.0,random,,,,,
2030,10000,5666,0.5666,4334.0,0.5,2167.0,0.0,0.0,2167.0,0.0,"[np.int32(0), np.int32(1), np.int32(2), np.int32(3), np.int32(4), np.int32(5), np.int32(6), np.int32(7), np.int32(8), np.int32(9)]",0.5,0.01,0.01,0.01,0.0,random,,,,,
2031,10000,5548,0.5548,4452.0,0.49573225516621744,2226.0,0.0,19.0,2207.0,0.0,"[np.int32(0), np.int32(1), np.int32(2), np.int32(3), np.int32(4), np.int32(5), np.int32(6), np.int32(7), np.int32(8), np.int32(9)]",0.5,0.01,0.01,0.01,0.0,random,,,,,
2032,10000,5538,0.5538,4462.0,0.49282832810398924,2231.0,0.0,32.0,2199.0,0.0,"[np.int32(0), np.int32(1), np.int32(2), np.int32(3), np.int32(4), np.int32(5), np.int32(6), np.int32(7), np.int32(8), np.int32(9)]",0.5,0.01,0.01,0.01,0.0,random,,,,,
2033,10000,5602,0.5602,4398.0,0.5,2199.0,0.0,0.0,2199.0,0.0,"[np.int32(0), np.int32(1), np.int32(2), np.int32(3), np.int32(4), np.int32(5), np.int32(6), np.int32(7), np.int32(8), np.int32(9)]",0.5,0.01,0.01,0.01,0.0,random,,,,,
2034,10000,5554,0.5554,4446.0,0.5,2223.0,0.0,0.0,2223.0,0.0,"[np.int32(0), np.int32(1), np.int32(2), np.int32(3), np.int32(4), np.int32(5), np.int32(6), np.int32(7), np.int32(8), np.int32(9)]",0.5,0.01,0.01,0.01,0.0,random,,,,,
2035,10000,5603,0.5603,4397.0,0.4998862861041619,2198.0,1.0,0.0,2198.0,0.0,"[np.int32(0), np.int32(1), np.int32(2), np.int32(3), np.int32(4), np.int32(5), np.int32(6), np.int32(7), np.int32(8), np.int32(9)]",0.5,0.01,0.01,0.01,0.0,random,,,,,
2036,10000,5494,0.5494,4506.0,0.5,2253.0,0.0,0.0,2253.0,0.0,"[np.int32(0), np.int32(1), np.int32(2), np.int32(3), np.int32(4), np.int32(5), np.int32(6), np.int32(7), np.int32(8), np.int32(10)]",0.5,0.01,0.01,0.01,0.0,random,,,,,
2037,10000,5533,0.5533,4467.0,0.3319901499888068,2233.0,1.0,750.0,1483.0,0.0,"[np.int32(0), np.int32(1), np.int32(2), np.int32(3), np.int32(4), np.int32(5), np.int32(7), np.int32(6), np.int32(8), np.int32(10)]",0.5,0.01,0.01,0.01,0.0,random,,,,,
2038,10000,5637,0.5637,4363.0,0.47192298876919553,2181.0,1.0,122.0,2059.0,0.0,"[np.int32(0), np.int32(1), np.int32(2), np.int32(3), np.int32(4), np.int32(5), np.int32(6), np.int32(7), np.int32(8), np.int32(9)]",0.5,0.01,0.01,0.01,0.0,random,,,,,
2039,10000,5554,0.5554,4446.0,0.5,2223.0,0.0,0.0,2223.0,0.0,"[np.int32(0), np.int32(1), np.int32(2), np.int32(3), np.int32(4), np.int32(5), np.int32(6), np.int32(7), np.int32(8), np.int32(9)]",0.5,0.01,0.01,0.01,0.0,random,,,,,
2040,10000,5572,0.5572,4428.0,0.3699186991869919,2214.0,0.0,576.0,1638.0,0.0,"[np.int32(0), np.int32(1), np.int32(2), np.int32(3), np.int32(4), np.int32(5), np.int32(6), np.int32(7), np.int32(9), np.int32(8)]",0.5,0.01,0.01,0.01,0.0,random,,,,,
2041,10000,5659,0.5659,4341.0,0.4998848191660908,2170.0,1.0,0.0,2170.0,0.0,"[np.int32(0), np.int32(1), np.int32(2), np.int32(3), np.int32(4), np.int32(5), np.int32(6), np.int32(7), np.int32(8), np.int32(9)]",0.5,0.01,0.01,0.01,0.0,random,,,,,
2042,10000,5464,0.5464,4536.0,0.5,2268.0,0.0,0.0,2268.0,0.0,"[np.int32(0), np.int32(1), np.int32(2), np.int32(3), np.int32(4), np.int32(5), np.int32(6), np.int32(7), np.int32(9), np.int32(8)]",0.5,0.01,0.01,0.01,0.0,random,,,,,
2043,10000,5456,0.5456,4544.0,0.45840669014084506,2272.0,0.0,189.0,2083.0,0.0,"[np.int32(0), np.int32(1), np.int32(2), np.int32(3), np.int32(4), np.int32(5), np.int32(6), np.int32(7), np.int32(8), np.int32(10)]",0.5,0.01,0.01,0.01,0.0,random,,,,,
2044,10000,5617,0.5617,4383.0,0.36892539356605064,2191.0,1.0,574.0,1617.0,0.0,"[np.int32(0), np.int32(1), np.int32(2), np.int32(3), np.int32(4), np.int32(5), np.int32(6), np.int32(7), np.int32(8), np.int32(9)]",0.5,0.01,0.01,0.01,0.0,random,,,,,
2025,10000,5367,0.5367,,0.3406000431685733,,,,,,,0.6593999568314267,0.21810641249936413,0.3723228983767102,0.0638899266220181,-22113.0,rl_dqn_noma,4633.0,1578.0,64.0,0.01,200.0
2026,10000,5301,0.5301,,0.3688018727388806,,,,,,,0.6311981272611193,0.2240219807891318,0.3810810340429019,0.0669629275353617,-23500.0,rl_dqn_noma,4699.0,1733.0,63.0,0.01,200.0
2027,10000,5493,0.5493,,0.3911692922121145,,,,,,,0.6088307077878855,0.22893266617614655,0.38748704142947843,0.07037829092281468,-23362.0,rl_dqn_noma,4507.0,1763.0,55.0,0.01,200.0
2028,10000,5456,0.5456,,0.3591549295774648,,,,,,,0.6408450704225352,0.22251573701620875,0.3773686463692263,0.06766282766319118,-22692.0,rl_dqn_noma,4544.0,1632.0,66.0,0.01,200.0
2029,10000,5413,0.5413,,0.3701765860039241,,,,,,,0.6298234139960759,0.22709615430677907,0.3835072983469112,0.0706850102666469,-23491.0,rl_dqn_noma,4587.0,1698.0,57.0,0.01,200.0
2030,10000,5455,0.5455,,0.3900990099009901,,,,,,,0.6099009900990099,0.23732469786701965,0.39814652063431943,0.07650287509971988,-23768.0,rl_dqn_noma,4545.0,1773.0,63.0,0.01,200.0
2031,10000,5425,0.5425,,0.3571584699453552,,,,,,,0.6428415300546448,0.21865556540097203,0.3727069723253512,0.06460415847659284,-22535.0,rl_dqn_noma,4575.0,1634.0,68.0,0.01,200.0
2032,10000,5470,0.547,,0.36600441501103753,,,,,,,0.6339955849889625,0.2233444175822679,0.37899694100889253,0.06769189415564326,-22718.0,rl_dqn_noma,4530.0,1658.0,62.0,0.01,200.0
2033,10000,5420,0.542,,0.3460698689956332,,,,,,,0.6539301310043668,0.22002716254939503,0.37469016878207695,0.06536415631671308,-22207.0,rl_dqn_noma,4580.0,1585.0,67.0,0.01,200.0
2034,10000,5430,0.543,,0.37636761487964987,,,,,,,0.6236323851203501,0.23123194781394393,0.3899076827779101,0.07255621284997778,-23298.0,rl_dqn_noma,4570.0,1720.0,60.0,0.01,200.0
2035,10000,5340,0.534,,0.3446351931330472,,,,,,,0.6553648068669528,0.21607000218888267,0.36944571840526297,0.06269428597250234,-22238.0,rl_dqn_noma,4660.0,1606.0,72.0,0.01,200.0
2036,10000,5504,0.5504,,0.3349644128113879,,,,,,,0.6650355871886121,0.21552621444710007,0.36885864032283794,0.06219378857136221,-21294.0,rl_dqn_noma,4496.0,1506.0,59.0,0.01,200.0
2037,10000,5347,0.5347,,0.336127229744251,,,,,,,0.663872770255749,0.21471513670314823,0.36719552908378067,0.062234744322515814,-22259.0,rl_dqn_noma,4653.0,1564.0,66.0,0.01,200.0
2038,10000,5494,0.5494,,0.36950732356857524,,,,,,,0.6304926764314248,0.2272928025787536,0.3861135075554675,0.0684720976020397,-22683.0,rl_dqn_noma,4506.0,1665.0,60.0,0.01,200.0
2039,10000,5384,0.5384,,0.369367417677643,,,,,,,0.630632582322357,0.22842544457740252,0.38567112594057973,0.0711797632142253,-23595.0,rl_dqn_noma,4616.0,1705.0,62.0,0.01,200.0
2040,10000,5372,0.5372,,0.3697061365600691,,,,,,,0.6302938634399309,0.22578982984256638,0.3825842521255574,0.06899540755957535,-23539.0,rl_dqn_noma,4628.0,1711.0,60.0,0.01,200.0
2041,10000,5503,0.5503,,0.41294196130753835,,,,,,,0.5870580386924616,0.2362124586791154,0.3975898687172544,0.07483504864097637,-24246.0,rl_dqn_noma,4497.0,1857.0,56.0,0.01,200.0
2042,10000,5381,0.5381,,0.4065815111495995,,,,,,,0.5934184888504005,0.2410085171731285,0.4011326608220158,0.08088437352424117,-24875.0,rl_dqn_noma,4619.0,1878.0,72.0,0.01,200.0
2043,10000,5401,0.5401,,0.34290063057186343,,,,,,,0.6570993694281365,0.220654352900298,0.3753561918083321,0.06595251399226391,-22356.0,rl_dqn_noma,4599.0,1577.0,61.0,0.01,200.0
2044,10000,5357,0.5357,,0.36075813051906097,,,,,,,0.6392418694809391,0.225031643164337,0.38265801005895606,0.06740527626971791,-23066.0,rl_dqn_noma,4643.0,1675.0,57.0,0.01,200.0
