snr_db,policy,sinr_weak_mean,sinr_weak_std,sinr_weak_ci95,sinr_strong_mean,sinr_strong_std,sinr_strong_ci95,rate_weak_mean,rate_weak_std,rate_weak_ci95,rate_strong_mean,rate_strong_std,rate_strong_ci95,sum_rate_mean,sum_rate_std,sum_rate_ci95,outage_weak_mean,outage_weak_std,outage_weak_ci95,outage_strong_mean,outage_strong_std,outage_strong_ci95,ber_weak_mean,ber_weak_std,ber_weak_ci95,ber_strong_mean,ber_strong_std,ber_strong_ci95,cache_hit_weak_mean,cache_hit_weak_std,cache_hit_weak_ci95,cache_hit_strong_mean,cache_hit_strong_std,cache_hit_strong_ci95,transmission_needed_mean,transmission_needed_std,transmission_needed_ci95,sic_success_mean,sic_success_std,sic_success_ci95,cic_opportunity_mean,cic_opportunity_std,cic_opportunity_ci95,cic_benefit_mean,cic_benefit_std,cic_benefit_ci95,energy_mean,energy_std,energy_ci95,outage_probability,cache_hit_rate,sic_success_rate,cic_benefit_rate,fairness_mean,energy_efficiency
-10,topk,inf,,,inf,,,7.28,4.452125494796999,0.27594559705226773,6.65,4.722266383824594,0.2926891028222795,10.122741032177247,9.941719274330822,0.6161941445916823,0.272,0.44521254947969985,0.027594559705226774,0.335,0.4722266383824593,0.02926891028222795,0.11612594228972792,0.1912094359906308,0.011851283625792724,0.11390831987067698,0.1618106939957246,0.010029130718860824,0.728,0.44521254947969985,0.027594559705226774,0.665,0.4722266383824593,0.02926891028222795,0.497,0.500241183071967,0.031005269751323762,0.503,0.500241183071967,0.031005269751323762,0.387,0.48730736549786363,0.030203623432768268,0.0,0.0,0.0,0.994,1.000482366143934,0.062010539502647524,0.3035,0.6965,0.503,0.0,0.6965,10.183844096757795
-8,topk,inf,,,inf,,,7.44,4.366401890053808,0.2706323929837892,7.03,4.571651780264984,0.28335391297809887,10.532080309303169,9.89912873693139,0.6135543557346076,0.256,0.43664018900538076,0.027063239298378925,0.297,0.4571651780264984,0.028335391297809882,0.1032845561774437,0.17792340216892483,0.011027806718038926,0.08996052938108655,0.14018790185146437,0.008688936176914958,0.744,0.43664018900538076,0.027063239298378925,0.703,0.4571651780264984,0.028335391297809882,0.478,0.4997657108743713,0.0309757996791974,0.555,0.4972144630058766,0.030817671698051573,0.403,0.4907461989988633,0.030416764541370368,0.0,0.0,0.0,0.956,0.9995314217487427,0.0619515993583948,0.27649999999999997,0.7235,0.555,0.0,0.7235,11.016820407220887
-6,topk,inf,,,inf,,,7.21,4.487319471135974,0.2781269423051928,7.051931383134715,4.517315192703925,0.279986096389406,10.358516649536904,9.861118449514542,0.611198453712612,0.279,0.4487319471135974,0.02781269423051928,0.184,0.38767808075037513,0.024028536388239742,0.10679406630810186,0.17444731101234398,0.010812356356019301,0.07880127127488287,0.12380435512981441,0.007673473430587867,0.721,0.4487319471135974,0.02781269423051928,0.701,0.4580489153014215,0.02839016590159205,0.489,0.500129112459102,0.03099832354277344,0.686,0.4643485970901814,0.028780624224132644,0.4,0.49014308139587187,0.03037938292505144,0.089,0.2848862231842041,0.01765743104959697,0.978,1.000258224918204,0.06199664708554688,0.2315,0.711,0.686,0.089,0.7272897673218564,10.591530316499902
-4,topk,inf,,,inf,,,7.222482207595459,4.47845715782098,0.2775776504350898,7.298478881615165,4.324626871169155,0.26804315048793703,10.744670662542758,9.77461783655828,0.6058370901761398,0.27,0.44418160396092193,0.027530661039962285,0.046,0.20958990416508122,0.012990516846066131,0.0986927112975255,0.16380282396920906,0.010152604213842337,0.05982549512444589,0.10023822756719504,0.006212829711520056,0.722,0.44823756749843824,0.027782052264511137,0.719,0.4497123983628218,0.027873463228532486,0.473,0.4995202903992194,0.030960588360553352,0.793,0.4053582555164201,0.025124364973374256,0.387,0.48730736549786363,0.030203623432768268,0.182,0.38603759535183235,0.023926858049817912,0.946,0.9990405807984388,0.061921176721106704,0.158,0.7204999999999999,0.793,0.182,0.759342682143042,11.358002814527229
-2,topk,inf,,,inf,,,7.127194195887554,4.498231876501188,0.2788033001970131,7.238466388859211,4.293002082424853,0.2660830257740455,10.312929761335926,9.69261250707277,0.600754347195783,0.22,0.4144535821678609,0.02568809915969725,0.016,0.12553788177183717,0.007780918525026022,0.0949940564761219,0.1561486268920437,0.009678192163938873,0.049176491151596495,0.08342980635314291,0.005171032971325268,0.71,0.45398910351032223,0.028138536159815014,0.707,0.4553661805166896,0.028223888276944928,0.5,0.5002501876563868,0.031005827861248298,0.815,0.3884918608232687,0.02407897499971785,0.417,0.4933095928059319,0.030575645335588382,0.273,0.4457237593730782,0.02762624482268633,1.0,1.0005003753127737,0.062011655722496596,0.118,0.7084999999999999,0.815,0.273,0.760535602676969,10.312929761335926
0,topk,inf,,,inf,,,7.008021996540835,4.5206142488165195,0.28019057400571823,7.4351515154922865,4.116686607805321,0.25515487943803145,10.313509092555499,9.557997946558336,0.5924108502937987,0.178,0.38270414482007176,0.0237202486453198,0.011,0.10435463521037239,0.006467967300551311,0.08814195334231495,0.143921802403475,0.008920365730812865,0.03141902971834738,0.060193056124817804,0.0037308042709431463,0.695,0.4606378047741926,0.028550626933542076,0.72,0.4492235543710968,0.02784316436401943,0.507,0.5002011607355596,0.031002789141213315,0.843,0.3639828065767441,0.022559888079291313,0.429,0.49518098126261295,0.030691635193825548,0.315,0.464748309293311,0.028805398643153533,1.014,1.0004023214711193,0.06200557828242663,0.0945,0.7075,0.843,0.315,0.7698029878242932,10.17111350350641
2,topk,inf,,,inf,,,7.2503473888718215,4.382054244990736,0.2716025359937723,7.437840799997033,4.024948967446516,0.24946892158024847,11.028502864291488,9.363844068903964,0.5803770682829457,0.145,0.3522770203960217,0.021834355935064793,0.013,0.11333068359382573,0.007024308543231176,0.07331824547731537,0.13030209551846636,0.00807620755233098,0.021763514253929292,0.05376848957179058,0.0033326055105198484,0.717,0.4506818324651152,0.027933549376704368,0.711,0.4535247343692345,0.02810975426226072,0.479,0.49980877224075293,0.030978468650337123,0.915,0.2790212408632233,0.017293915679206937,0.386,0.48707416400507353,0.030189169454497296,0.308,0.4618975528722244,0.028628706929591848,0.958,0.9996175444815059,0.061956937300674246,0.079,0.714,0.915,0.308,0.7935235130693001,11.512007165231198
4,topk,inf,,,inf,,,7.4466049296591255,4.248616749846697,0.263331994359285,7.627791654959749,3.787052393740064,0.23472393917918324,11.28988375288609,9.130984248819619,0.565944267105676,0.119,0.32395052700056526,0.020078661684859757,0.014,0.11754921445002436,0.00728577579458282,0.06115508868034905,0.11989529200640787,0.00743118718803607,0.011496650032901455,0.047042401324103485,0.002915718241842602,0.734,0.4420853304956402,0.027400732664484548,0.717,0.4506818324651152,0.027933549376704368,0.477,0.4997206426802086,0.03097300632358313,0.977,0.14997831007680243,0.009295751965527297,0.405,0.4911376754192416,0.030441028501287805,0.339,0.4736066968522545,0.029354447192375635,0.954,0.9994412853604172,0.06194601264716626,0.0665,0.7255,0.977,0.339,0.8064023416212156,11.834259699042022
6,topk,inf,,,inf,,,7.336707706803855,4.247778881948895,0.26328006276895133,7.785232963659755,3.5730013593860734,0.2214569186193415,11.319333854952827,8.833672795090301,0.547516712288164,0.075,0.26352313834736496,0.01633333333333333,0.008,0.08912880535463237,0.005524260588988816,0.05167584469090313,0.10320974971233478,0.006397006562206968,0.00566162510574257,0.035291439757704234,0.0021873860982029388,0.717,0.4506818324651152,0.027933549376704368,0.721,0.4487319471135974,0.02781269423051928,0.492,0.5001861515337926,0.031001858861249804,0.993,0.08341437500789631,0.00517007652663781,0.422,0.49412565219806215,0.030626225220736426,0.374,0.4841057305572393,0.030005184043252753,0.984,1.0003723030675853,0.06200371772249961,0.041499999999999995,0.719,0.993,0.374,0.8192135841458008,11.50338806397645
8,topk,inf,,,inf,,,7.319069367829068,4.206042034536283,0.2606931861654476,7.911991489486378,3.37637865476656,0.2092701171278581,11.583649136657721,8.534272402355981,0.5289596836897322,0.061,0.23945007065427304,0.014841269139452653,0.009,0.09448771310560929,0.0058564091325596385,0.04400558458472521,0.09440056157632602,0.005851007424811239,0.004427289459919309,0.03458681176732628,0.0021437128028899887,0.71,0.45398910351032223,0.028138536159815014,0.721,0.4487319471135974,0.02781269423051928,0.494,0.5002141683461336,0.03100359536126939,0.995,0.07056897321046965,0.004373910274695984,0.419,0.4936422618482768,0.030596264376452787,0.385,0.48683879468671354,0.03017458111300545,0.988,1.0004283366922673,0.06200719072253878,0.034999999999999996,0.7155,0.995,0.385,0.8297722325031615,11.72434123143494
10,topk,inf,,,inf,,,7.261634791126745,4.206206431763284,0.26070337561114304,7.841524680382223,3.259576066497923,0.2020306177034357,11.32470046902683,8.193921056219176,0.5078644887031978,0.059,0.23574260237507894,0.014611477874797118,0.008,0.08912880535463236,0.005524260588988815,0.04177460511869231,0.09247334399710486,0.005731557241708964,0.0030621125419200376,0.029589723421598785,0.0018339900583949848,0.701,0.4580489153014215,0.02839016590159205,0.692,0.4618975528722244,0.028628706929591848,0.53,0.4993489254512813,0.030949967051039973,0.998,0.04469897088298564,0.002770470918293334,0.453,0.49803517851557333,0.030868540172356258,0.421,0.4939666011007252,0.030616367131590518,1.06,0.9986978509025626,0.061899934102079945,0.0335,0.6964999999999999,0.998,0.421,0.8279119809319343,10.68367968776116
12,topk,inf,,,inf,,,7.476344056935463,4.042408356905333,0.2505510657502661,8.251944047841262,2.925533263362016,0.1813264302630603,12.498500183345339,7.819764442547387,0.4846740215271542,0.044,0.2051977244174655,0.012718286724917678,0.007,0.08341437500789631,0.00517007652663781,0.031236441594262396,0.08068455358365262,0.005000880441837567,0.002453100654650883,0.026317592987087576,0.0016311813129004326,0.718,0.45019848809017415,0.027903591381971102,0.733,0.44261372200475996,0.027433482709520746,0.481,0.49988887654046565,0.030983433566271437,1.0,0.0,0.0,0.413,0.4926191974270528,0.03053285418667545,0.387,0.48730736549786363,0.030203623432768268,0.962,0.9997777530809313,0.061966867132542874,0.0255,0.7255,1.0,0.387,0.8556860989914119,12.992203932791412
14,topk,inf,,,inf,,,7.3000461865672674,4.084469018780192,0.2531580125820739,8.05992243992807,2.9252918705214888,0.1813114685797966,12.083699734737099,7.493065699883494,0.4644250236707441,0.027,0.16216441439877397,0.010051054536579595,0.005,0.07056897321046963,0.004373910274695983,0.029231128597053502,0.07466525773511279,0.004627800619918645,0.0019396492067989932,0.022435975442447614,0.0013905961649444737,0.694,0.461060274342278,0.02857681186865632,0.689,0.46313442270413624,0.028705368916016476,0.53,0.4993489254512813,0.030949967051039973,0.998,0.04469897088298564,0.002770470918293334,0.443,0.4969889314642711,0.030803693108280194,0.429,0.49518098126261295,0.030691635193825548,1.06,0.9986978509025626,0.061899934102079945,0.016,0.6915,0.998,0.429,0.8522766662334723,11.399716730884057
16,topk,inf,,,inf,,,7.364192387917419,4.018421717513526,0.2490643584379981,8.168554574975403,2.8604244732279787,0.17729094564163972,12.55709140765997,7.2608056679282384,0.45002939774686296,0.029,0.1678904023081343,0.010405954944083617,0.018,0.13301764429463367,0.008244519009238421,0.026455312922775035,0.07622537482050043,0.004724497678683464,0.005364960143022574,0.03821572206586576,0.0023686349934593847,0.697,0.45978516983739526,0.028497780072648977,0.697,0.45978516983739526,0.028497780072648977,0.517,0.49996095943679536,0.03098790131047322,0.999,0.03162277660168379,0.00196,0.428,0.49503642397409614,0.03068267544025736,0.418,0.4934769695938398,0.03058601945638213,1.034,0.9999219188735907,0.06197580262094644,0.0235,0.697,0.999,0.418,0.8579828482501713,12.144188982263026
18,topk,inf,,,inf,,,7.5520822079595735,3.896940616543135,0.2415348817920641,8.369310880086763,2.5847177462535593,0.1602024656616405,13.150366734412135,6.848429476957096,0.4244700566275129,0.015,0.121613279660528,0.007537669166025826,0.006,0.07726558075864033,0.004788970310686489,0.020510257539736072,0.0627382479574276,0.0038885568950960043,0.0018989325678750134,0.022582348104698717,0.001399668436542436,0.715,0.45164032036453405,0.027992957072193098,0.707,0.45536618051668964,0.02822388827694493,0.505,0.5002251745216599,0.031004277531096008,1.0,0.0,0.0,0.432,0.49560228169533455,0.030717747665179197,0.425,0.4945903553645376,0.030655027821398735,1.01,1.0004503490433199,0.062008555062192015,0.010499999999999999,0.711,1.0,0.425,0.872962930661706,13.020165083576371
20,topk,inf,,,inf,,,7.528894947085875,3.906165607042527,0.24210665262694533,8.382383912916648,2.498788543401843,0.15487651849037293,13.291087798901588,6.595020506022578,0.40876360588513216,0.016,0.12553788177183717,0.007780918525026022,0.005,0.07056897321046965,0.004373910274695984,0.020789796424952486,0.06246668813586486,0.003871725442976312,0.0014074306231343463,0.019274390370591456,0.0011946390920128036,0.712,0.45305767983918027,0.02808080592257389,0.695,0.4606378047741926,0.028550626933542076,0.515,0.5000250243988045,0.030991872097957167,1.0,0.0,0.0,0.437,0.4962633144584407,0.03075871890031163,0.426,0.4947411128749751,0.030664371868702973,1.03,1.000050048797609,0.061983744195914334,0.0105,0.7035,1.0,0.426,0.8734141137986134,12.903968736797658
22,topk,inf,,,inf,,,7.794177004897125,3.7265914829140074,0.23097653310185728,8.489747987305403,2.5175006374029714,0.15603630609233382,14.267644064714991,6.297678324221122,0.39033414652197734,0.007,0.08341437500789631,0.00517007652663781,0.014,0.11754921445002436,0.00728577579458282,0.015385573981703935,0.05196134157201301,0.0032205973170528826,0.0038464101498337728,0.031656705805469594,0.001962102953837919,0.738,0.43994266620725647,0.027267928956001577,0.718,0.45019848809017415,0.027903591381971102,0.463,0.4988786223921405,0.030920817365434356,1.0,0.0,0.0,0.382,0.486119648144685,0.030130007948538266,0.38,0.48562931937418674,0.03009961705648341,0.926,0.997757244784281,0.06184163473086871,0.0105,0.728,1.0,0.38,0.8883569603717699,15.407822964055066
24,topk,inf,,,inf,,,7.628760798736185,3.8096064159878344,0.2361218519609241,8.54719606365076,2.396143055317152,0.14851448522618188,14.331214004675138,5.986165055439044,0.37102635408795176,0.01,0.0995485304256668,0.006170081839806496,0.007,0.08341437500789631,0.00517007652663781,0.016594776581493564,0.053611497164439,0.003322875020301203,0.002020183300403619,0.022439919275481567,0.0013908406062484084,0.718,0.45019848809017415,0.027903591381971102,0.717,0.4506818324651152,0.027933549376704368,0.486,0.5000540511325291,0.030993671193552626,1.0,0.0,0.0,0.407,0.4915206939617015,0.030464768236500732,0.401,0.4903462444430869,0.030391975101176805,0.972,1.0001081022650582,0.06198734238710525,0.0085,0.7175,1.0,0.401,0.8846454528471688,14.744047329912693
26,topk,inf,,,inf,,,7.482688239967056,3.834881200322236,0.23768839932390265,8.56629798221551,2.3885720462009914,0.14804522921951976,14.423930859841096,5.734129140972983,0.3554050062671795,0.004,0.06315051850925682,0.0039141096886335025,0.007,0.08341437500789631,0.00517007652663781,0.015035610145153092,0.0488834474769248,0.0030298274646025553,0.0020877020781900416,0.02282864959732705,0.0014149343612154081,0.695,0.4606378047741926,0.028550626933542076,0.721,0.4487319471135974,0.02781269423051928,0.502,0.5002461856388775,0.031005579813633215,1.0,0.0,0.0,0.42,0.49380547166252003,0.030606380225543017,0.418,0.4934769695938398,0.03058601945638213,1.004,1.000492371277755,0.06201115962726643,0.0055,0.708,1.0,0.418,0.8806496534584706,14.36646499984173
28,topk,inf,,,inf,,,7.362642770925206,3.8994147972929,0.2416882331037032,8.508393549409371,2.4335335320616935,0.15083197098470316,14.453922828413893,5.633784654034569,0.349185590531598,0.002,0.04469897088298564,0.002770470918293334,0.011,0.1043546352103724,0.006467967300551312,0.016287975983897723,0.04891877065289761,0.0030320168177317493,0.0032572026780417073,0.02838961016448264,0.0017596062680790387,0.682,0.46593249842986173,0.02887879544625133,0.708,0.45490981847278583,0.02819560266441577,0.514,0.5000540511325291,0.030993671193552626,1.0,0.0,0.0,0.418,0.4934769695938398,0.03058601945638213,0.416,0.4931401293620173,0.03056514188251542,1.028,1.0001081022650582,0.06198734238710525,0.0065,0.6950000000000001,1.0,0.416,0.8750179673580336,14.0602362144104
30,topk,inf,,,inf,,,7.76513086856855,3.6780915430833634,0.22797047568743653,8.484574982386318,2.4550115321272785,0.152163191220636,15.085393303228022,5.316321300009609,0.3295090079934349,0.003,0.054717401199198004,0.003391419662520009,0.012,0.10893974420691409,0.006752155300435648,0.01208997562810439,0.04307502194645063,0.0026698175204054606,0.003736353267721141,0.029956251350606453,0.001856707694796868,0.726,0.4462321403968154,0.027657754604988996,0.703,0.4571651780264984,0.028335391297809882,0.491,0.50016914056064,0.031000804510210384,1.0,0.0,0.0,0.411,0.4922614359477303,0.030510679900454335,0.41,0.49207940633818653,0.030499397588366447,0.982,1.00033828112128,0.06200160902042077,0.0075,0.7144999999999999,1.0,0.41,0.8897506546519487,15.361907640761734
-10,lru,inf,,,inf,,,6.12,4.875384022758553,0.30217943240625983,5.55,4.972144630058766,0.30817671698051574,7.2603326229848975,9.538860393878716,0.5912246924897412,0.388,0.48753840227585526,0.030217943240625985,0.445,0.4972144630058765,0.030817671698051566,0.16580498412228736,0.20976062051138528,0.01300109795483373,0.15335209438866088,0.17349818887444615,0.010753529156443769,0.612,0.48753840227585526,0.030217943240625985,0.555,0.49721446300587663,0.030817671698051573,0.641,0.4799472360055314,0.029747437880605115,0.359,0.4799472360055314,0.029747437880605115,0.449,0.4976410821532389,0.030844113826754005,0.0,0.0,0.0,1.282,0.9598944720110628,0.05949487576121023,0.4165,0.5835,0.359,0.0,0.5835,5.663285977367314
-8,lru,inf,,,inf,,,6.0,4.901430813958719,0.3037938292505144,5.89,4.922614359477302,0.30510679900454335,7.163274328905474,9.465890871965545,0.5867019946649651,0.4,0.49014308139587187,0.03037938292505144,0.411,0.4922614359477303,0.030510679900454335,0.16251222321427006,0.20143048097183824,0.012484790557062631,0.12589843075173984,0.15361568102242562,0.009521198552435857,0.6,0.49014308139587187,0.03037938292505144,0.589,0.4922614359477303,0.030510679900454335,0.648,0.47783294604320065,0.02961639283107118,0.409,0.49189527438364455,0.03048798497158557,0.485,0.5000250243988045,0.030991872097957167,0.0,0.0,0.0,1.296,0.9556658920864013,0.05923278566214236,0.40549999999999997,0.5945,0.409,0.0,0.5945,5.527217846377681
-6,lru,inf,,,inf,,,5.8,4.938054716625199,0.30606380225543006,5.900251199191589,4.861356987852622,0.3013100277754799,7.006862441206584,9.35146580556958,0.5796098555729111,0.42,0.4938054716625201,0.03060638022554302,0.25,0.4332293707583636,0.026851834593208355,0.16281683204674902,0.19503311310369412,0.012088277588593732,0.11093442693889499,0.13624894979572502,0.008444797399144317,0.58,0.49380547166252003,0.030606380225543017,0.584,0.4931401293620173,0.03056514188251542,0.659,0.4742825570732534,0.02939633744286956,0.578,0.49412565219806204,0.03062622522073642,0.482,0.49992592043814443,0.030985729570836913,0.11,0.3130463192532345,0.019402811886659863,1.318,0.9485651141465068,0.05879267488573912,0.33499999999999996,0.582,0.578,0.11,0.614045792540098,5.316284098032309
-4,lru,inf,,,inf,,,5.943807304095209,4.908814988276936,0.30425150511642607,6.0422315280131444,4.731805911278409,0.2932803688595725,7.38203572744205,9.366211203105916,0.5805237847808125,0.394,0.4888793337859589,0.03030105503668703,0.056,0.23003677296666486,0.01425782690412631,0.14775324805811924,0.18465109182850037,0.011444793243253346,0.08725596059057662,0.10974456303945579,0.006802038488482385,0.594,0.49133024067871645,0.030452963819723778,0.588,0.4924413655436538,0.03052183205234954,0.645,0.47875275895205466,0.029673403425809965,0.687,0.4639463829433809,0.02875569473303644,0.472,0.4994651794324259,0.030957172547442572,0.227,0.41910219117375974,0.025976222930937397,1.29,0.9575055179041093,0.05934680685161993,0.225,0.591,0.687,0.227,0.671834088631614,5.72250831584655
-2,lru,inf,,,inf,,,5.960550320349098,4.879274769780842,0.3024205834051029,6.044553524394191,4.661873700863481,0.2889459255518346,7.307149786323661,9.21758778380125,0.5713120098153708,0.326,0.46898181621886353,0.02906779412090045,0.032,0.17608806605504818,0.010914051407159403,0.13620478333636196,0.17301220321065577,0.010723407452931545,0.07288242799417549,0.09762561884090258,0.00605089854500571,0.593,0.4915206939617015,0.030464768236500732,0.581,0.4936422618482768,0.030596264376452787,0.655,0.475606140836303,0.029478374014428523,0.738,0.4399426662072565,0.02726792895600158,0.484,0.4999939939579214,0.03098994881130537,0.317,0.46554025360620294,0.02885448386020514,1.31,0.951212281672606,0.058956748028857045,0.179,0.587,0.738,0.317,0.680058602193792,5.577976936124932
0,lru,inf,,,inf,,,5.772291311526527,4.872329400016805,0.301990104927233,6.217321311265303,4.524042588125531,0.2804030646775622,7.108498596107607,8.951779277299986,0.5548370278963342,0.274,0.4462321403968154,0.027657754604988996,0.022,0.14675672910479282,0.00909607630817839,0.12689291126801033,0.15948163668893575,0.009884774251406821,0.04880169542918539,0.0745275851115867,0.0046192675823074954,0.57,0.4953234754636058,0.030700467075904212,0.588,0.49244136554365386,0.030521832052349544,0.675,0.4686092130918838,0.029044699939827136,0.796,0.40317061716666125,0.024988773743687645,0.508,0.5001861515337926,0.031001858861249804,0.381,0.4858755757136543,0.030114880182534484,1.35,0.9372184261837676,0.05808939987965427,0.14800000000000002,0.579,0.796,0.381,0.6877875026478255,5.265554515635265
2,lru,inf,,,inf,,,6.315089164735518,4.723099180093485,0.2927407200697967,6.459762040461465,4.352398951922871,0.2697644818865969,8.240837850482716,9.058193265292774,0.5614326352047309,0.195,0.39639895576569334,0.02456906182170574,0.019,0.13659303663678338,0.008466124122504796,0.09865002878361198,0.14253277154879562,0.008834272706488535,0.030493383881147723,0.06235994796803685,0.0038651096188322747,0.621,0.48538087580228645,0.030084218364361648,0.601,0.489937790988855,0.030366658893799494,0.628,0.48358024137659905,0.029972613886399414,0.879,0.32629046180583565,0.02022369234665451,0.478,0.4997657108743713,0.0309757996791974,0.385,0.48683879468671354,0.03017458111300545,1.256,0.9671604827531981,0.05994522777279883,0.107,0.611,0.879,0.385,0.733079998547291,6.561176632549933
4,lru,inf,,,inf,,,5.93216347686648,4.770013371013486,0.295648491748464,6.575844399397511,4.158432163713568,0.25774229579968666,7.958549291343297,8.67495387315629,0.5376792115870366,0.207,0.4053582555164201,0.025124364973374256,0.03,0.17067257872642908,0.010578396025034346,0.10214164112383853,0.14420919452980188,0.008938178479348384,0.0200977032931193,0.0661637077974464,0.004100869095602754,0.578,0.49412565219806204,0.03062622522073642,0.594,0.49133024067871645,0.030452963819723778,0.659,0.47428255707325345,0.029396337442869562,0.964,0.1863833113203506,0.011552157319684437,0.49,0.5001501276118503,0.030999626075435438,0.404,0.49094299569810046,0.03042896212715998,1.318,0.9485651141465069,0.058792674885739124,0.1185,0.586,0.964,0.404,0.7242003229312293,6.038353028333305
6,lru,inf,,,inf,,,6.174282700825874,4.657723575905587,0.288688698141986,6.815230366922054,3.946321441476357,0.24459553703079354,8.693812873355865,8.514628131963098,0.5277421191964233,0.125,0.33088439746304826,0.020508427428635175,0.02,0.1400700525437883,0.008681631801149524,0.0784864073459257,0.11981798812512469,0.007426395843834278,0.011903196919690683,0.05373899939728581,0.0033307776905672428,0.596,0.49094299569810046,0.03042896212715998,0.603,0.48952081736186726,0.030340814600643643,0.639,0.4805308625987616,0.029783611431623096,0.988,0.10893974420691409,0.006752155300435648,0.477,0.4997206426802086,0.03097300632358313,0.426,0.4947411128749751,0.030664371868702973,1.278,0.9610617251975232,0.05956722286324619,0.0725,0.5994999999999999,0.988,0.426,0.7587348159842486,6.802670479934167
8,lru,inf,,,inf,,,6.238849178634082,4.583044480081807,0.2840600398284458,7.009852363200891,3.7052608739540704,0.22965444826129808,8.85953844226554,8.142574493143169,0.5046819957521007,0.099,0.29881145943268017,0.01852052613421898,0.017,0.12933571713849087,0.008016310799790562,0.06845892392386091,0.11563454666313222,0.007167103455667813,0.007539376487563043,0.04657797666990117,0.0028869329035498196,0.596,0.49094299569810046,0.03042896212715998,0.602,0.4897303705467283,0.030353802841603668,0.653,0.4762539425745658,0.029518525182145008,0.994,0.07726558075864033,0.004788970310686489,0.504,0.5002341793942455,0.031004835658881246,0.46,0.49864681754589446,0.030906449952213023,1.306,0.9525078851491317,0.059037050364290015,0.058,0.599,0.994,0.46,0.7699694242045007,6.7837200936183315
10,lru,inf,,,inf,,,6.144968978138495,4.557037198886454,0.28244809183966046,7.145707478719648,3.5496321766488554,0.22000848166701806,9.311773137198365,7.893896114375758,0.4892687501499365,0.088,0.28343665312788385,0.01756758576668034,0.024,0.15312559370479986,0.009490822625785085,0.06213117560979074,0.1074886050491168,0.006662212763601888,0.008865435305340643,0.0510672587992761,0.0031651814926729627,0.581,0.4936422618482768,0.030596264376452787,0.601,0.489937790988855,0.030366658893799494,0.649,0.4775217555536365,0.02959710504470035,0.997,0.054717401199198,0.0033914196625200086,0.48,0.4998498272980094,0.030981013269148948,0.45,0.49774265212833413,0.030850409199032487,1.298,0.955043511107273,0.0591942100894007,0.055999999999999994,0.591,0.997,0.45,0.7797360638184847,7.173939242833871
12,lru,inf,,,inf,,,6.232834862141177,4.492890504749409,0.27847223854593317,7.577657828645198,3.2521769988903264,0.20157201874188474,10.117141884479537,7.645957842082909,0.4739013768223171,0.073,0.2602666685127751,0.01613149524187819,0.016,0.12553788177183717,0.007780918525026022,0.054189392349570466,0.10039855483002126,0.006222766898222461,0.0056484954605907165,0.039936257572790436,0.002475274889002043,0.585,0.4929685771101623,0.030554508963785004,0.636,0.4813893805805605,0.02983682292742313,0.628,0.48358024137659905,0.029972613886399414,0.999,0.0316227766016838,0.0019600000000000004,0.477,0.4997206426802086,0.03097300632358313,0.441,0.496755237280661,0.030789208592715826,1.256,0.9671604827531981,0.05994522777279883,0.0445,0.6105,0.999,0.441,0.7990493694521315,8.055049271082433
14,lru,inf,,,inf,,,6.230250665802094,4.428538173363854,0.2744836397234954,7.198570323858473,3.216443763771463,0.19935724988350298,9.712683168336843,7.065431029789136,0.437919952217268,0.051,0.22010780869257554,0.013642423322640082,0.019,0.1365930366367834,0.008466124122504798,0.04719390382972539,0.09317500592445574,0.005775046698530871,0.0062540277360863625,0.04140913655660435,0.0025665648742123097,0.577,0.4942826269608465,0.03063595461733346,0.557,0.49698893146427114,0.0308036931082802,0.683,0.46554025360620294,0.02885448386020514,0.998,0.04469897088298564,0.002770470918293334,0.5,0.5002501876563868,0.031005827861248298,0.482,0.49992592043814443,0.030985729570836913,1.366,0.9310805072124059,0.05770896772041028,0.034999999999999996,0.567,0.998,0.482,0.8020779007047599,7.11030978648378
16,lru,inf,,,inf,,,6.316903172121436,4.3847446372637044,0.2717692882344575,7.431258307817239,3.1047452207538715,0.19243410246124842,10.32843451831727,6.942596804200151,0.430306608038579,0.052,0.22213812222431648,0.013768263459081496,0.027,0.16216441439877397,0.010051054536579595,0.04468008507833949,0.09450973818138768,0.00585777426089955,0.008041350008555355,0.04658712829487175,0.002887500127142114,0.583,0.4933095928059319,0.030575645335588382,0.576,0.4944375273666719,0.030645555443954156,0.666,0.4718756898449703,0.029247158266516537,0.998,0.04469897088298564,0.002770470918293334,0.491,0.50016914056064,0.031000804510210384,0.476,0.49967356711524546,0.030970088549837647,1.332,0.9437513796899406,0.058494316533033074,0.0395,0.5794999999999999,0.998,0.476,0.8080061129474785,7.754079968706659
18,lru,inf,,,inf,,,6.571513762701736,4.278559503386435,0.2651878654510968,7.680156468417909,2.929035939788377,0.18154352839717236,11.265248441262118,6.73594629532841,0.41749827680029533,0.029,0.1678904023081343,0.010405954944083617,0.02,0.1400700525437883,0.008681631801149524,0.03496665587197659,0.07845169326689705,0.0048624863255976964,0.006309013979982008,0.04044961381909563,0.002507093038794259,0.605,0.48909530177074306,0.03031444087106548,0.596,0.49094299569810046,0.03042896212715998,0.634,0.4819504915199032,0.029871600943754975,1.0,0.0,0.0,0.469,0.4992877810324305,0.03094617728069637,0.461,0.4987261049190505,0.030911364234514772,1.268,0.9639009830398064,0.05974320188750995,0.0245,0.6005,1.0,0.461,0.8281495695890995,8.884265332225645
20,lru,inf,,,inf,,,6.449522617213226,4.278173539294489,0.26516394314883523,7.847144476756083,2.778616661308198,0.17222044492684063,11.433624670136306,6.43639554268721,0.3989319287982831,0.03,0.17067257872642908,0.010578396025034346,0.019,0.1365930366367834,0.008466124122504798,0.03449524924115464,0.07921525905457485,0.004909812623433566,0.005238635761401478,0.03731070244788784,0.0023125412963884494,0.588,0.49244136554365386,0.030521832052349544,0.605,0.4890953017707431,0.030314440871065485,0.648,0.47783294604320065,0.02961639283107118,1.0,0.0,0.0,0.489,0.500129112459102,0.03099832354277344,0.477,0.4997206426802086,0.03097300632358313,1.296,0.9556658920864013,0.05923278566214236,0.0245,0.5965,1.0,0.477,0.8265310443396849,8.822241257821224
22,lru,inf,,,inf,,,6.770293063953526,4.170727269151365,0.25850435432989166,7.671955760150424,2.884061982499682,0.17875601364487356,12.022294851674392,6.276746916460431,0.3890368044280902,0.014,0.11754921445002435,0.007285775794582819,0.031,0.1734043513556366,0.010747713046771194,0.02865997140493306,0.0679411293319115,0.004211034823661121,0.008422417575765792,0.046692185098911126,0.002894011615317578,0.62,0.48562931937418674,0.03009961705648341,0.576,0.4944375273666719,0.030645555443954156,0.632,0.4825026516080599,0.029905824180582616,1.0,0.0,0.0,0.46,0.49864681754589446,0.030906449952213023,0.457,0.498396829242923,0.030890955516667536,1.264,0.9650053032161198,0.05981164836116523,0.0225,0.598,1.0,0.457,0.8361831003628529,9.51130921809683
24,lru,inf,,,inf,,,6.4834241819365035,4.242108302788351,0.2629285966312791,7.888141156682275,2.6845989684324087,0.16639316794994372,12.196392015438073,6.016622955147746,0.3729141542701115,0.011,0.1043546352103724,0.006467967300551312,0.014,0.11754921445002436,0.00728577579458282,0.031598347269210285,0.07109096520500068,0.004406263673708591,0.004026504012878861,0.0315759804374058,0.001957099543688394,0.588,0.49244136554365386,0.030521832052349544,0.594,0.49133024067871645,0.030452963819723778,0.645,0.47875275895205466,0.029673403425809965,1.0,0.0,0.0,0.472,0.4994651794324259,0.030957172547442572,0.466,0.4990922691177385,0.03093405932667788,1.29,0.9575055179041093,0.05934680685161993,0.0125,0.591,1.0,0.466,0.8354425335452067,9.454567453827964
26,lru,inf,,,inf,,,6.470991108444545,4.174024422884662,0.25870871403551343,7.854660722966908,2.7668219013571207,0.17148939813119396,12.481248047047142,5.775218527204458,0.35795175281091607,0.004,0.06315051850925682,0.0039141096886335025,0.025,0.15620307103062792,0.009681566646609043,0.0270423156210198,0.06360070426803102,0.0039420124910442954,0.006879206102192834,0.04178916259502251,0.002590119132103121,0.576,0.4944375273666719,0.030645555443954156,0.595,0.4911376754192415,0.0304410285012878,0.654,0.4759312035478558,0.029498521610026106,1.0,0.0,0.0,0.479,0.49980877224075293,0.030978468650337123,0.478,0.4997657108743713,0.0309757996791974,1.308,0.9518624070957116,0.05899704322005221,0.0145,0.5854999999999999,1.0,0.478,0.8342198576806084,9.542238568078854
28,lru,inf,,,inf,,,6.425456104041783,4.177230717101819,0.25890744220998035,8.007146698966547,2.685755069241144,0.16646482382044686,12.86226733183793,5.590722727428641,0.34651658466880714,0.003,0.054717401199198,0.0033914196625200086,0.021,0.1434558454005259,0.008891485416560775,0.025488658214752172,0.06032088251724334,0.0037387270328280314,0.006008363734747673,0.03857034832789853,0.002390614956899636,0.57,0.4953234754636058,0.030700467075904212,0.616,0.4866012543970482,0.03015985821331804,0.65,0.47720826452161086,0.02957767466923049,1.0,0.0,0.0,0.486,0.5000540511325291,0.030993671193552626,0.485,0.5000250243988045,0.030991872097957167,1.3,0.9544165290432217,0.05915534933846098,0.012,0.593,1.0,0.485,0.8337573859390459,9.894051793721486
30,lru,inf,,,inf,,,6.788422913064774,4.101980007627641,0.25424335491533284,7.8910329566424915,2.75814204605894,0.1709514151261365,13.47061525954295,5.584893439380912,0.34615528165239395,0.006,0.07726558075864033,0.004788970310686489,0.024,0.15312559370479986,0.009490822625785085,0.024241522486466074,0.060266052268803535,0.0037353286188210747,0.006994642440781681,0.0412237380282604,0.00255507375437387,0.612,0.48753840227585526,0.030217943240625985,0.598,0.4905472827736758,0.030404435586001317,0.619,0.4858755757136543,0.030114880182534484,1.0,0.0,0.0,0.448,0.4975374795365105,0.030837692470041873,0.446,0.4973241712719496,0.030824471486830766,1.238,0.9717511514273086,0.06022976036506897,0.015,0.605,1.0,0.446,0.8466668903061092,10.880949321117082
-10,lfu,inf,,,inf,,,6.36,4.813893805805605,0.29836822927423123,5.74,4.947411128749751,0.3066437186870297,7.796829305409743,9.680596360066627,0.6000095786883021,0.364,0.4813893805805606,0.029836822927423134,0.426,0.494741112874975,0.030664371868702973,0.15565775580820004,0.2072029717589052,0.012842573242788237,0.1468719305960032,0.1726061241389461,0.01069823841130765,0.636,0.4813893805805606,0.029836822927423134,0.574,0.494741112874975,0.030664371868702973,0.614,0.48707416400507353,0.030189169454497296,0.386,0.48707416400507353,0.030189169454497296,0.438,0.49638936572251674,0.030766531638601536,0.0,0.0,0.0,1.228,0.9741483280101471,0.06037833890899459,0.395,0.605,0.386,0.0,0.605,6.349209532092624
-8,lfu,inf,,,inf,,,6.2,4.856293193741867,0.3009961705648341,6.09,4.882185549089233,0.3026009953757628,7.658502070507848,9.60544409401607,0.5953515929802651,0.38,0.48562931937418674,0.03009961705648341,0.391,0.48821855490892324,0.030260099537576274,0.15419984768661033,0.1992367224433092,0.012348819994765834,0.11946877667312689,0.1517757568822955,0.009407158872742993,0.62,0.48562931937418674,0.03009961705648341,0.609,0.48821855490892324,0.030260099537576274,0.623,0.48487741348314645,0.03005301344652841,0.431,0.4954639083570916,0.03070917119681994,0.475,0.49962448361206696,0.030967046322792197,0.0,0.0,0.0,1.246,0.9697548269662929,0.06010602689305682,0.3855,0.6145,0.431,0.0,0.6145,6.1464703615632805
-6,lfu,inf,,,inf,,,6.04,4.893091286941451,0.3032769400108461,6.114555666383608,4.822399754717525,0.29889543344979613,7.6571201846314425,9.545419304899562,0.5916312180065477,0.396,0.48930912869414506,0.03032769400108461,0.244,0.4297076315922824,0.02663355493824752,0.15343226402396032,0.1930563787525725,0.011965758324172402,0.10510625753972055,0.13481411145244854,0.00835586519726195,0.604,0.48930912869414506,0.03032769400108461,0.606,0.4888793337859589,0.03030105503668703,0.626,0.4841057305572393,0.030005184043252753,0.6,0.49014308139587187,0.03037938292505144,0.462,0.4988033728883605,0.030916153352869402,0.096,0.2947386484173239,0.018268090692175182,1.252,0.9682114611144786,0.060010368086505506,0.32,0.605,0.6,0.096,0.635550499419542,6.115910690600193
-4,lfu,inf,,,inf,,,6.24411611507777,4.841049313616279,0.3000513450859556,6.205881019411036,4.699195470789206,0.2912591528176063,7.910769081619105,9.509874924567653,0.5894281544891325,0.363,0.481105458774334,0.029819225271555862,0.054,0.22613079209858866,0.014015731701739125,0.1359962117997829,0.18084622708293574,0.011208965283070065,0.08379106829476168,0.10937474029894959,0.006779116637548094,0.624,0.48462238790511825,0.030037206797440277,0.605,0.4890953017707431,0.030314440871065485,0.618,0.486119648144685,0.030130007948538266,0.702,0.4576083537321029,0.028362859612623786,0.465,0.49902306963107834,0.03092977029805897,0.231,0.42168331341993703,0.026136202545195497,1.236,0.97223929628937,0.06026001589707653,0.2085,0.6145,0.702,0.231,0.6864995767210549,6.400298609724195
-2,lfu,inf,,,inf,,,6.2405918688179485,4.815590466889227,0.2984733894176869,6.325891855529672,4.6087343559501095,0.2856523148312421,7.945440206220908,9.402986930970808,0.5828031680090188,0.298,0.4576083537321029,0.028362859612623786,0.032,0.17608806605504818,0.010914051407159403,0.12523514971197178,0.16852044365733237,0.010445005311481226,0.0680339099544436,0.09636773528235533,0.005972934114310483,0.621,0.48538087580228645,0.030084218364361648,0.611,0.48776727741507714,0.03023212906872468,0.622,0.48513024163759505,0.03006868389789203,0.761,0.42668613881993056,0.0264462808759979,0.476,0.4996735671152455,0.030970088549837647,0.309,0.46231237570795436,0.02865441791532444,1.244,0.9702604832751901,0.06013736779578406,0.16499999999999998,0.616,0.761,0.309,0.6975110841603455,6.387009812074685
0,lfu,inf,,,inf,,,6.049946710349356,4.822364899049177,0.2988932730730897,6.385925839017646,4.486833262958469,0.27809680681013765,7.68600852571161,9.14185896145504,0.5666182887778997,0.25,0.4332293707583636,0.026851834593208355,0.018,0.13301764429463367,0.008244519009238421,0.11773703432283665,0.15632162951760917,0.009688914977763205,0.04553371663166236,0.07038140919824948,0.0043622849367763545,0.598,0.49054728277367576,0.030404435586001314,0.606,0.4888793337859589,0.03030105503668703,0.645,0.47875275895205466,0.029673403425809965,0.804,0.39716714584887525,0.0246166747363464,0.494,0.5002141683461336,0.03100359536126939,0.378,0.48513024163759505,0.03006868389789203,1.29,0.9575055179041093,0.05934680685161993,0.134,0.602,0.804,0.378,0.7032957886156471,5.958146143962489
2,lfu,inf,,,inf,,,6.475181339287824,4.675513402561297,0.2897913230216537,6.681024122617625,4.3011074837019025,0.26658540374999373,8.74669928682003,9.176826436751073,0.568785595350738,0.182,0.38603759535183224,0.023926858049817906,0.018,0.13301764429463367,0.008244519009238421,0.0930458012415542,0.13941670509220996,0.008641136906560622,0.028668670482240383,0.0610240103904568,0.0037823073499158423,0.637,0.481105458774334,0.029819225271555862,0.626,0.4841057305572393,0.030005184043252753,0.601,0.489937790988855,0.030366658893799494,0.888,0.3155242550986462,0.019556395941538466,0.465,0.4990230696310783,0.03092977029805897,0.376,0.48462238790511825,0.030037206797440277,1.202,0.97987558197771,0.06073331778759899,0.09999999999999999,0.6315,0.888,0.376,0.7439455507255993,7.276788092196365
4,lfu,inf,,,inf,,,6.191736148787276,4.72201312522425,0.29267340569160294,6.705396904837311,4.127133234356106,0.2558023680598385,8.510350660444434,8.836345043981112,0.5476823399903724,0.195,0.39639895576569334,0.02456906182170574,0.026,0.15921478998305827,0.009868234921223778,0.09521781931415094,0.14084415933680386,0.008729611437265023,0.018399758353654424,0.061889722969336466,0.003835964771462874,0.605,0.48909530177074306,0.03031444087106548,0.609,0.48821855490892324,0.030260099537576274,0.629,0.48331417586554665,0.029956122975173267,0.965,0.1838717183495298,0.011396487174560412,0.472,0.4994651794324259,0.030957172547442572,0.389,0.48776727741507714,0.03023212906872468,1.258,0.9666283517310933,0.059912245950346533,0.1105,0.607,0.965,0.389,0.7390546494952027,6.764984626744383
6,lfu,inf,,,inf,,,6.378149494157971,4.607628638805687,0.28558378177260635,6.971796290833394,3.904527153384447,0.24200510021710203,9.159433475014144,8.629309659994895,0.5348501539453502,0.119,0.32395052700056526,0.020078661684859757,0.018,0.13301764429463367,0.008244519009238421,0.07308146674277796,0.11699608152863122,0.007251492260926486,0.010835422810307456,0.05089251114246537,0.0031543505206914958,0.617,0.48636153995515263,0.03014500055827929,0.622,0.48513024163759505,0.03006868389789203,0.613,0.48730736549786363,0.030203623432768268,0.986,0.11754921445002436,0.00728577579458282,0.465,0.4990230696310783,0.03092977029805897,0.416,0.4931401293620173,0.03056514188251542,1.226,0.9746147309957273,0.060407246865536536,0.06849999999999999,0.6194999999999999,0.986,0.416,0.7694419245523543,7.470989783861455
8,lfu,inf,,,inf,,,6.376795412359228,4.554800451425005,0.2823094567956964,7.184219912386403,3.6594905407027247,0.2268175736154499,9.282163260339006,8.269303255273009,0.5125367258064268,0.096,0.2947386484173239,0.018268090692175182,0.013,0.11333068359382573,0.007024308543231176,0.06605710816379198,0.11446177942902026,0.007094414589417622,0.006154871235076478,0.041019563930679584,0.0025424189126975988,0.611,0.48776727741507714,0.03023212906872468,0.625,0.48436516143258035,0.030021263735497152,0.628,0.48358024137659905,0.029972613886399414,0.993,0.08341437500789631,0.00517007652663781,0.492,0.5001861515337926,0.031001858861249804,0.447,0.49743184300810345,0.03083114505017784,1.256,0.9671604827531981,0.05994522777279883,0.0545,0.618,0.993,0.447,0.7790209618829287,7.390257372881375
10,lfu,inf,,,inf,,,6.308113911542801,4.52944525671547,0.28073792554603244,7.2646977325924516,3.507101632780132,0.2173724112475009,9.684536090045334,7.988047369712639,0.49510430541393763,0.089,0.28488622318420415,0.017657431049596974,0.021,0.14345584540052586,0.008891485416560773,0.0604473174975317,0.1080781517437481,0.006698753246306239,0.007787035304047262,0.04790471916774211,0.0029691652555195003,0.599,0.4903462444430869,0.030391975101176805,0.616,0.4866012543970482,0.03015985821331804,0.627,0.4838440917331792,0.029988967500928936,0.997,0.054717401199198,0.0033914196625200086,0.469,0.4992877810324305,0.03094617728069637,0.438,0.49638936572251674,0.030766531638601536,1.254,0.9676881834663584,0.05997793500185787,0.055,0.6074999999999999,0.997,0.438,0.7869525807438965,7.722915542300904
12,lfu,inf,,,inf,,,6.411637768776567,4.45136800919277,0.2758986476081064,7.733822244709559,3.1970072720341474,0.19815256364468897,10.61320342468089,7.74841381579439,0.48025166386396184,0.068,0.2518718710762268,0.015611180306131579,0.014,0.11754921445002436,0.00728577579458282,0.05091448140456458,0.09823687289347878,0.006088784463694632,0.005010894038441798,0.037535274480083154,0.0023264604151504425,0.604,0.48930912869414506,0.03032769400108461,0.659,0.47428255707325345,0.029396337442869562,0.597,0.49074619899886335,0.030416764541370368,0.998,0.04469897088298564,0.002770470918293334,0.457,0.498396829242923,0.030890955516667536,0.422,0.49412565219806215,0.030626225220736426,1.194,0.9814923979977267,0.060833529082740735,0.041,0.6315,0.998,0.422,0.8099087834155345,8.888780087672437
14,lfu,inf,,,inf,,,6.36261173335298,4.39775339295352,0.27257557926554554,7.36142774229082,3.1924838569906875,0.19787219947563273,10.14269907423174,7.222664659714964,0.4476653935659639,0.047,0.21174474216810163,0.013124075089199504,0.018,0.13301764429463367,0.008244519009238421,0.04485018961597108,0.09152815804982702,0.005672974009755641,0.00595103693482457,0.04039816002732139,0.0025039038997395906,0.591,0.49189527438364455,0.03048798497158557,0.583,0.4933095928059319,0.030575645335588382,0.654,0.47593120354785573,0.029498521610026102,0.997,0.054717401199198004,0.003391419662520009,0.482,0.49992592043814443,0.030985729570836913,0.465,0.49902306963107834,0.03092977029805897,1.308,0.9518624070957115,0.058997043220052205,0.0325,0.587,0.997,0.465,0.810803335027623,7.754357090391238
16,lfu,inf,,,inf,,,6.531386621283456,4.339503085277785,0.2689651877909917,7.576624067732018,3.066814173092352,0.19008311177017104,10.821603740089126,7.089869541627933,0.4394346668739655,0.048,0.21387319079712103,0.013255997701986637,0.025,0.15620307103062792,0.009681566646609043,0.04199604186530799,0.09242509892050638,0.00572856698088133,0.007463074885932048,0.04489105918102994,0.0027823766743535648,0.607,0.4886612219010117,0.030287536321999788,0.599,0.4903462444430869,0.030391975101176805,0.632,0.48250265160805983,0.029905824180582612,0.998,0.04469897088298564,0.002770470918293334,0.47,0.4993489254512813,0.030949967051039973,0.454,0.4981286301068552,0.030874332361992846,1.264,0.9650053032161197,0.059811648361165225,0.036500000000000005,0.603,0.998,0.454,0.8183263934042136,8.561395363994562
18,lfu,inf,,,inf,,,6.742720695472413,4.228351967298887,0.26207597012415845,7.779154245317146,2.892847244324061,0.17930052981411046,11.493437641316177,6.770930562847268,0.4196666241658873,0.026,0.15921478998305827,0.009868234921223778,0.017,0.1293357171384909,0.008016310799790564,0.03218035997205689,0.07619291187758732,0.004722485604635979,0.00565391794158867,0.038003454509021616,0.0023554785139808447,0.624,0.48462238790511825,0.030037206797440277,0.612,0.48753840227585526,0.030217943240625985,0.619,0.48587557571365436,0.030114880182534488,1.0,0.0,0.0,0.474,0.4995733915788287,0.030963879605763887,0.468,0.49922462401731077,0.03094226276834365,1.238,0.9717511514273087,0.060229760365068975,0.0215,0.618,1.0,0.468,0.834372143690395,9.28387531608738
20,lfu,inf,,,inf,,,6.61041522356182,4.2371845740364735,0.26262342076151796,7.93178198112471,2.758247321599605,0.1709579401717485,11.701576831059176,6.478295886413374,0.4015289390082881,0.028,0.16505527329729044,0.010230231827443757,0.018,0.13301764429463367,0.008244519009238421,0.032062402724651246,0.07733410875474515,0.004793217719889585,0.00496539877265851,0.03632039972127198,0.002251161697480499,0.606,0.4888793337859589,0.03030105503668703,0.621,0.48538087580228645,0.030084218364361648,0.63,0.48304589153964794,0.029939494540378152,1.0,0.0,0.0,0.487,0.5000810745080053,0.030995346119717413,0.475,0.49962448361206696,0.030967046322792197,1.26,0.9660917830792959,0.059878989080756305,0.023,0.6134999999999999,1.0,0.475,0.832673704448559,9.286965738935853
22,lfu,inf,,,inf,,,6.94044872374877,4.129087117875764,0.25592347101505236,7.822605026380025,2.803590796213212,0.17376835784512693,12.41143159877992,6.327106311457362,0.39215811206774664,0.012,0.10893974420691409,0.006752155300435648,0.024,0.1531255937047999,0.009490822625785086,0.027099823197566545,0.06573370735864638,0.004074217392285748,0.00654298368908627,0.04124172371715731,0.002556188518921018,0.641,0.4799472360055314,0.029747437880605115,0.598,0.4905472827736758,0.030404435586001317,0.603,0.48952081736186726,0.030340814600643643,1.0,0.0,0.0,0.445,0.4972144630058765,0.030817671698051566,0.442,0.49687310541312557,0.030796514135253736,1.206,0.9790416347237345,0.060681629201287286,0.018000000000000002,0.6194999999999999,1.0,0.442,0.8464810992488444,10.291402652387994
24,lfu,inf,,,inf,,,6.699088582149577,4.201062632790267,0.26038455964775997,8.024954916705518,2.613121523116122,0.16196294999076352,12.665111893369438,6.083943552102974,0.3770867280985975,0.011,0.1043546352103724,0.006467967300551312,0.011,0.1043546352103724,0.006467967300551312,0.02984716901541349,0.06936606210024475,0.0042993530716477464,0.003126544714504939,0.028012049919864744,0.0017362048416713505,0.614,0.48707416400507353,0.030189169454497296,0.616,0.4866012543970482,0.03015985821331804,0.609,0.48821855490892324,0.030260099537576274,1.0,0.0,0.0,0.448,0.49753747953651045,0.030837692470041866,0.443,0.4969889314642711,0.030803693108280194,1.218,0.9764371098178465,0.06052019907515255,0.011,0.615,1.0,0.443,0.8456337801031857,10.398285626740098
26,lfu,inf,,,inf,,,6.694255824194198,4.130595991250641,0.25601699195573413,7.9733348975371445,2.7070915963114737,0.16778727546928848,12.858901872820905,5.821906703323743,0.36084551594710207,0.004,0.06315051850925682,0.0039141096886335025,0.02,0.1400700525437883,0.008681631801149524,0.025067388088993704,0.0615614269813999,0.003815616775318809,0.005555587375424251,0.037562783516083505,0.0023281654428663778,0.603,0.48952081736186726,0.030340814600643643,0.615,0.4868387946867136,0.030174581113005455,0.624,0.48462238790511825,0.030037206797440277,1.0,0.0,0.0,0.466,0.4990922691177386,0.03093405932667788,0.465,0.4990230696310783,0.03092977029805897,1.248,0.9692447758102365,0.060074413594880555,0.012,0.609,1.0,0.465,0.8441616011101523,10.303607269888545
28,lfu,inf,,,inf,,,6.649067710779808,4.131407886573779,0.2560673137492121,8.105153807747513,2.6372595871491358,0.16345904269952927,13.208376583994205,5.644644448358377,0.34985868755728833,0.003,0.054717401199198,0.0033914196625200086,0.018,0.13301764429463367,0.008244519009238421,0.02277387613252332,0.05639331135259186,0.0034952936499951332,0.005226139414795447,0.035947338108545175,0.002228039099166168,0.597,0.49074619899886335,0.030416764541370368,0.633,0.48222768848702946,0.029888781789776525,0.621,0.48538087580228645,0.030084218364361648,1.0,0.0,0.0,0.472,0.4994651794324259,0.030957172547442572,0.471,0.4994080580130925,0.03095363212519238,1.242,0.9707617516045729,0.060168436728723296,0.010499999999999999,0.615,1.0,0.471,0.8445914817903402,10.63476375522883
30,lfu,inf,,,inf,,,6.9034985674700415,4.0730846314772755,0.2524524009466766,7.997642083870005,2.70393374009409,0.16759154951315144,13.679802701057595,5.5896245033668785,0.3464485160362463,0.006,0.07726558075864033,0.004788970310686489,0.02,0.1400700525437883,0.008681631801149524,0.022909221614860913,0.0591620906413594,0.0036669043682549403,0.005930819206770383,0.0378755313618607,0.0023475497551753307,0.627,0.4838440917331792,0.029988967500928936,0.616,0.4866012543970482,0.03015985821331804,0.601,0.489937790988855,0.030366658893799494,1.0,0.0,0.0,0.445,0.4972144630058765,0.030817671698051566,0.443,0.4969889314642711,0.030803693108280194,1.202,0.97987558197771,0.06073331778759899,0.013000000000000001,0.6214999999999999,1.0,0.443,0.8520463215879012,11.380867471761727
-10,random,inf,,,inf,,,5.65,4.960050614873008,0.30742712215326,5.23,4.997206426802086,0.30973006323583135,6.326570177802539,9.212576604303894,0.5710014136922493,0.435,0.4960050614873007,0.030742712215326,0.477,0.4997206426802086,0.03097300632358313,0.1861811234839018,0.21384903670146105,0.01325450061562734,0.164150978721137,0.17422027640754098,0.010798284605425769,0.565,0.4960050614873007,0.030742712215326,0.523,0.4997206426802086,0.03097300632358313,0.688,0.46354166034011535,0.028730609766197752,0.312,0.46354166034011535,0.028730609766197752,0.464,0.49895185434363604,0.03092535632881316,0.0,0.0,0.0,1.376,0.9270833206802307,0.057461219532395504,0.45599999999999996,0.544,0.312,0.0,0.544,4.597798094333241
-8,random,inf,,,inf,,,5.61,4.965133689293024,0.30774217436985446,5.38060435452715,4.987399478408153,0.30912222227694836,6.113697596015086,9.073777345129324,0.5623985464801504,0.439,0.4965133689293024,0.030774217436985447,0.46,0.4986468175458945,0.030906449952213023,0.1797068556008079,0.20580285621670238,0.012755793182413292,0.14223054713690847,0.1571118274041378,0.009737891950187368,0.561,0.4965133689293024,0.030774217436985447,0.538,0.49880337288836046,0.030916153352869402,0.701,0.4580489153014215,0.02839016590159205,0.362,0.4808192874533916,0.029801488189321993,0.501,0.500249187155011,0.03100576584953056,0.0,0.0,0.0,1.402,0.916097830602843,0.0567803318031841,0.4495,0.5495000000000001,0.362,0.0,0.5505,4.360697286743999
-6,random,inf,,,inf,,,5.5,4.97742652128334,0.3085040919903248,5.550853964087384,4.91267061325606,0.30449047922848044,6.4145774615440585,9.132216620541175,0.5660206502963323,0.45,0.49774265212833413,0.030850409199032487,0.282,0.45019848809017415,0.027903591381971102,0.17556138953143602,0.19782044300008228,0.01226103808542594,0.12129012427491759,0.1391324242403106,0.008623516996811994,0.55,0.4977426521283341,0.03085040919903248,0.549,0.4978421907058971,0.030856578663987468,0.689,0.4631344227041362,0.028705368916016473,0.554,0.49732417127194956,0.030824471486830766,0.477,0.4997206426802086,0.03097300632358313,0.102,0.30279974849343533,0.01876772285124173,1.378,0.9262688454082724,0.057410737832032946,0.366,0.5495000000000001,0.554,0.102,0.5867493717200281,4.654990900975369
-4,random,inf,,,inf,,,5.6738073040952095,4.953146245214356,0.3069991848882496,5.606636949685828,4.79286556913173,0.2970648856621273,6.364624138828762,8.995318662307541,0.5575356269374526,0.421,0.4939666011007252,0.030616367131590518,0.07,0.2552746857116176,0.015822088942314107,0.15738931313202903,0.18605407698928686,0.011531751164430804,0.09783323870932961,0.11336104089143466,0.007026190108030592,0.567,0.4957385972029582,0.03072619658787526,0.543,0.498396829242923,0.030890955516667536,0.697,0.45978516983739526,0.028497780072648977,0.665,0.4722266383824593,0.02926891028222795,0.504,0.5002341793942456,0.031004835658881253,0.248,0.432067914433232,0.026779846784359948,1.394,0.9195703396747905,0.056995560145297955,0.2455,0.5549999999999999,0.665,0.248,0.6418402178377951,4.565727502746601
-2,random,inf,,,inf,,,5.485403901973573,4.944542397124606,0.306465912858778,5.720741872372975,4.706877545978533,0.2917352927708031,6.49352675000961,8.910983339420225,0.5523084694698716,0.362,0.4808192874533916,0.029801488189321993,0.043,0.20295859723646148,0.01257950418440749,0.15309545060418533,0.17741984931841764,0.010996596189013415,0.08018818674901679,0.10276314049772203,0.006369325436299941,0.545,0.4982200550190881,0.030879998936760574,0.547,0.49803517851557344,0.030868540172356265,0.697,0.45978516983739526,0.028497780072648977,0.73,0.44418160396092193,0.027530661039962285,0.486,0.5000540511325292,0.030993671193552633,0.321,0.4670943985718275,0.02895081076315211,1.394,0.9195703396747905,0.056995560145297955,0.20249999999999999,0.546,0.73,0.321,0.6546899411752293,4.658197094698429
0,random,inf,,,inf,,,5.607932908202342,4.899810285112171,0.30369338783200006,5.883912500543411,4.57436558171515,0.28352211613461864,6.844309998473971,8.84520310901499,0.5482313685492839,0.3,0.4584868702702512,0.028417310631788213,0.025,0.15620307103062794,0.009681566646609045,0.13315598501048617,0.16140582434618847,0.01000403663799986,0.0539114394974422,0.07798020192066575,0.004833262989195157,0.554,0.49732417127194956,0.030824471486830766,0.552,0.49753747953651045,0.030837692470041866,0.689,0.46313442270413624,0.028705368916016476,0.777,0.41646661864361284,0.02581286845311419,0.484,0.4999939939579214,0.03098994881130537,0.369,0.48277538469983333,0.029922728352743372,1.378,0.9262688454082725,0.05741073783203295,0.1625,0.553,0.777,0.369,0.6789278934133961,4.966843249981111
2,random,inf,,,inf,,,5.918751271743096,4.812394921411097,0.29827532745696705,6.090023931326423,4.419666876650669,0.27393379105660387,7.261210926572625,8.74714802087194,0.542153851221152,0.227,0.41910219117375974,0.025976222930937397,0.026,0.15921478998305827,0.009868234921223778,0.11196863438020713,0.14949546199515062,0.00926582473137079,0.03516570544214255,0.06890854635762496,0.0042709959521313335,0.581,0.4936422618482768,0.030596264376452787,0.56,0.49663532561291557,0.03078177639054897,0.68,0.46670956473787617,0.02892695851500688,0.874,0.3320154126456093,0.020578528475919608,0.501,0.500249187155011,0.03100576584953056,0.398,0.4897303705467283,0.030353802841603668,1.36,0.9334191294757523,0.05785391703001376,0.1265,0.5705,0.874,0.398,0.7077022904582975,5.3391256813034005
4,random,inf,,,inf,,,5.624417927048867,4.817699386920426,0.29860410163544104,6.28561486196051,4.20802061587197,0.26081581990715835,7.503633282761199,8.507273596198669,0.5272862803471074,0.232,0.4223202035829619,0.026175677406471982,0.033,0.17872588772459053,0.011077545288086599,0.11224505132971879,0.14862783600834575,0.00921204871557188,0.021962401464162486,0.06881099385486603,0.004264949585368039,0.547,0.49803517851557344,0.030868540172356265,0.56,0.49663532561291557,0.03078177639054897,0.684,0.4651455260027343,0.028830018389872047,0.953,0.21174474216810163,0.013124075089199504,0.475,0.49962448361206696,0.030967046322792197,0.4,0.49014308139587187,0.03037938292505144,1.368,0.9302910520054686,0.057660036779744094,0.1325,0.5535000000000001,0.953,0.4,0.7103785074122133,5.485112048802047
6,random,inf,,,inf,,,5.859586110358915,4.711146479329279,0.29199988400113225,6.5684429024281235,4.000619605322214,0.2479609720929447,8.10522573503967,8.328457161411565,0.5162031228939424,0.137,0.3440194025768741,0.021322543480093093,0.028,0.16505527329729044,0.010230231827443757,0.08498095211417674,0.12190313405571594,0.0075556345275664735,0.014805746976962983,0.06222311530294015,0.0038566286423839494,0.563,0.4962633144584407,0.03075871890031163,0.573,0.4948898017901722,0.03067358770314589,0.672,0.4697197426515482,0.02911353127504981,0.987,0.11333068359382574,0.007024308543231177,0.48,0.4998498272980094,0.030981013269148948,0.431,0.4954639083570916,0.03070917119681994,1.344,0.9394394853030964,0.05822706255009962,0.0825,0.568,0.987,0.431,0.7437038947338599,6.030673909999756
8,random,inf,,,inf,,,5.750370448330722,4.666902735785657,0.28925762836565205,6.760009979009391,3.761112282189789,0.2331161544081321,8.079346233926142,7.864741550351038,0.48746173155039296,0.119,0.32395052700056526,0.020078661684859757,0.02,0.14007005254378826,0.008681631801149522,0.079560291316734,0.12157876719718991,0.007535530061386322,0.008775739166169503,0.050319814426159695,0.0031188544104638017,0.545,0.4982200550190881,0.030879998936760574,0.57,0.4953234754636058,0.030700467075904212,0.698,0.45935499018406994,0.02847111726150061,0.991,0.09448771310560927,0.005856409132559638,0.511,0.5001291124591021,0.030998323542773445,0.466,0.4990922691177386,0.03093405932667788,1.396,0.9187099803681399,0.05694223452300122,0.06949999999999999,0.5575,0.991,0.466,0.750228206340579,5.787497302239356
10,random,inf,,,inf,,,5.581371671352835,4.618598898673756,0.28626372552366425,6.862145054614399,3.6236826871569514,0.22459817985905287,8.485797564708076,7.6270603203670495,0.4727300962915267,0.09,0.28632495871296654,0.017746604801538293,0.031,0.1734043513556366,0.010747713046771194,0.07173626493455482,0.11116694157640779,0.006890198423567828,0.011310465940157988,0.05786371447668131,0.0035864301798298305,0.52,0.49984982729800936,0.030981013269148948,0.564,0.4961352135760474,0.030750779125362282,0.697,0.45978516983739526,0.028497780072648977,0.997,0.054717401199198,0.0033914196625200086,0.478,0.4997657108743713,0.0309757996791974,0.447,0.49743184300810345,0.03083114505017784,1.394,0.9195703396747905,0.056995560145297955,0.0605,0.542,0.997,0.447,0.760159357052439,6.087372714998619
12,random,inf,,,inf,,,5.9065665096221736,4.538527198627206,0.2813008301375937,7.226438185780477,3.3613133703556564,0.2083363611260591,9.25986267349244,7.3975271506430476,0.45850348303976407,0.078,0.26830577330349786,0.016629764119032317,0.021,0.14345584540052586,0.008891485416560773,0.05899458325929404,0.10293421022842796,0.006379928448059691,0.007416023474452636,0.045555519463932,0.0028235603493638956,0.549,0.4978421907058971,0.030856578663987468,0.586,0.4927949338688932,0.030543746444187996,0.681,0.466322266738847,0.028902953536327786,0.997,0.054717401199198004,0.003391419662520009,0.497,0.500241183071967,0.031005269751323762,0.465,0.49902306963107834,0.03092977029805897,1.362,0.932644533477694,0.05780590707265557,0.0495,0.5675,0.997,0.465,0.7822931709999007,6.798724429876975
14,random,inf,,,inf,,,5.8283304481523235,4.4859906654976855,0.2780445820784534,7.021321633919685,3.252220920844415,0.20157474105280315,9.087893704410893,6.831669501248379,0.42343126257084746,0.056,0.23003677296666486,0.01425782690412631,0.022,0.1467567291047928,0.009096076308178389,0.05411250297381936,0.09807727820933829,0.006078892682689585,0.007196433784647731,0.04447580123409572,0.0027566387201491344,0.533,0.49915945364198017,0.030938223466632195,0.531,0.4992877810324305,0.03094617728069637,0.722,0.44823756749843824,0.027782052264511137,0.997,0.054717401199198,0.0033914196625200086,0.508,0.5001861515337926,0.031001858861249804,0.49,0.5001501276118503,0.030999626075435438,1.444,0.8964751349968765,0.055564104529022273,0.039,0.532,0.997,0.49,0.7859129614527149,6.293555196960453
16,random,inf,,,inf,,,5.873559519973205,4.45960797806546,0.2764093661700435,7.179168586898245,3.1632166356677214,0.1960581983044023,9.625001215605566,6.718219712062737,0.4163995717865532,0.06,0.23760567429347404,0.014726952268650943,0.031,0.1734043513556366,0.010747713046771194,0.05230053136491207,0.09919079056922864,0.006147908893785637,0.009327393945158545,0.049833794103967155,0.003088730558801558,0.535,0.4990230696310783,0.03092977029805897,0.537,0.4988786223921405,0.030920817365434356,0.711,0.4535247343692345,0.02810975426226072,0.997,0.054717401199198,0.0033914196625200086,0.494,0.5002141683461336,0.03100359536126939,0.478,0.4997657108743713,0.0309757996791974,1.422,0.907049468738469,0.05621950852452144,0.0455,0.536,0.997,0.478,0.7896105835359671,6.768636579188162
18,random,inf,,,inf,,,6.201218641367061,4.367728685973753,0.2707146286468952,7.404966827322798,2.9769143520931496,0.1845110631364323,10.525298030445851,6.509875761790895,0.403486279962866,0.03,0.17067257872642908,0.010578396025034346,0.021,0.14345584540052586,0.008891485416560773,0.04151753278058159,0.08417389645068865,0.005217152153380648,0.0067929686504877105,0.041772599008537026,0.002589092510376621,0.565,0.4960050614873007,0.030742712215326,0.548,0.4979396991041626,0.030862622297125934,0.687,0.4639463829433809,0.02875569473303644,1.0,0.0,0.0,0.487,0.5000810745080053,0.030995346119717413,0.481,0.49988887654046565,0.030983433566271437,1.374,0.9278927658867618,0.05751138946607288,0.025500000000000002,0.5565,1.0,0.481,0.8105161426551124,7.660333355491885
20,random,inf,,,inf,,,6.145569070708343,4.322674810751428,0.2679221605297516,7.534978269957524,2.8993947021747903,0.17970634545607866,10.746382021872783,6.24805052151413,0.38725818344223545,0.03,0.17067257872642908,0.010578396025034346,0.027,0.16216441439877397,0.010051054536579595,0.03812760671272658,0.08193628370990984,0.0050784634788480975,0.007664973474838716,0.044708314631810714,0.0027710500498455003,0.552,0.49753747953651045,0.030837692470041866,0.555,0.49721446300587663,0.030817671698051573,0.697,0.45978516983739526,0.028497780072648977,1.0,0.0,0.0,0.501,0.500249187155011,0.03100576584953056,0.492,0.5001861515337926,0.031001858861249804,1.394,0.9195703396747905,0.056995560145297955,0.028499999999999998,0.5535000000000001,1.0,0.492,0.8121811208193289,7.709025840654794
22,random,inf,,,inf,,,6.535580295285488,4.225052301455366,0.26187145471633194,7.471093748597008,2.9430341879077506,0.18241114880443637,11.49406019781981,6.137517969114577,0.3804073048672153,0.013,0.11333068359382574,0.007024308543231177,0.035,0.1838717183495298,0.011396487174560412,0.030785257286640322,0.06904771661557317,0.004279621814085656,0.00985916758577545,0.05005280366280776,0.003102304911893144,0.592,0.49170903772228736,0.030476441903724772,0.542,0.49848218070908457,0.030896245655347765,0.673,0.4693519908248939,0.02909073778068588,1.0,0.0,0.0,0.48,0.4998498272980094,0.030981013269148948,0.476,0.49967356711524546,0.030970088549837647,1.346,0.9387039816497879,0.05818147556137176,0.024,0.567,1.0,0.476,0.8259371466801563,8.53942065216925
24,random,inf,,,inf,,,6.1532593160434566,4.298310553148101,0.26641204819825015,7.771483922739587,2.7261167631897925,0.168966467529214,11.735677663784847,5.891155183352711,0.36513758120646805,0.013,0.11333068359382573,0.007024308543231176,0.017,0.12933571713849087,0.008016310799790562,0.03524671046288087,0.07369805277015797,0.004567852635110425,0.004781801842342343,0.03464446743992507,0.0021472863385006346,0.55,0.4977426521283341,0.03085040919903248,0.573,0.4948898017901722,0.03067358770314589,0.682,0.4659324984298618,0.028878795446251333,1.0,0.0,0.0,0.487,0.5000810745080053,0.030995346119717413,0.48,0.4998498272980094,0.030981013269148948,1.364,0.9318649968597236,0.05775759089250267,0.015,0.5615,1.0,0.48,0.8226085739759103,8.603869254974228
26,random,inf,,,inf,,,6.1410802082558185,4.231021808153216,0.2622414485747195,7.627413488879707,2.853023969471476,0.17683225766665736,11.911876628059966,5.704225945168721,0.3535515869892142,0.007,0.08341437500789631,0.00517007652663781,0.031,0.1734043513556366,0.010747713046771194,0.03152738001824858,0.06739900494320314,0.004177433605929601,0.008490334087632941,0.046314581203152135,0.0028706074833841338,0.537,0.4988786223921405,0.030920817365434356,0.557,0.49698893146427114,0.0308036931082802,0.694,0.461060274342278,0.02857681186865632,1.0,0.0,0.0,0.482,0.49992592043814443,0.030985729570836913,0.48,0.4998498272980094,0.030981013269148948,1.388,0.922120548684556,0.05715362373731264,0.019,0.547,1.0,0.48,0.8202588729934441,8.582043680158478
28,random,inf,,,inf,,,6.03642683053875,4.239797405738319,0.2627853657482003,7.7884261877371035,2.747942132736074,0.17031921794862004,12.217151127088254,5.501624650553249,0.3409942286506936,0.006,0.07726558075864033,0.004788970310686489,0.024,0.1531255937047999,0.009490822625785086,0.030570773417440557,0.06570868814198334,0.004072666685171151,0.006823075463909858,0.04112979485809213,0.002549251096362239,0.525,0.49962448361206696,0.030967046322792197,0.575,0.4945903553645376,0.030655027821398735,0.7,0.4584868702702512,0.028417310631788213,1.0,0.0,0.0,0.5,0.5002501876563868,0.031005827861248298,0.498,0.5002461856388775,0.031005579813633215,1.4,0.9169737405405024,0.056834621263576426,0.015,0.55,1.0,0.498,0.8183587816883069,8.726536519348754
30,random,inf,,,inf,,,6.3580592790164285,4.193455258227116,0.25991304968734175,7.629065437996923,2.878986738660554,0.17844144677271087,12.747292378462888,5.5412311654680435,0.3434490658780124,0.009,0.09448771310560929,0.0058564091325596385,0.034,0.18131981931624816,0.011238318833802956,0.0291494727937501,0.06605971987338721,0.004094423857294833,0.009761174588863362,0.048625201072047056,0.0030138211865980667,0.56,0.49663532561291557,0.03078177639054897,0.556,0.4971027168615267,0.030810745600268176,0.677,0.46785669802824226,0.02899805857296314,1.0,0.0,0.0,0.47,0.4993489254512813,0.030949967051039973,0.466,0.4990922691177386,0.03093405932667788,1.354,0.9357133960564845,0.05799611714592628,0.021500000000000002,0.558,1.0,0.466,0.8258362981521716,9.414543854108484
-10,none,0.014985335561244118,0.013103708512691499,0.0008121762680228339,0.07786627634471731,0.04077314030825943,0.0025271454183417056,0.0,0.0,0.0,0.0,0.0,0.0,0.12847228756096593,0.0510479539953709,0.003163984968530545,1.0,0.0,0.0,1.0,0.0,0.0,0.43927076364649864,0.0316265457819669,0.001960233616214286,0.3572467556275496,0.05338032475393851,0.0033085468058534928,0.0,0.0,0.0,0.0,0.0,0.0,1.0,0.0,0.0,0.0,0.0,0.0,0.0,0.0,0.0,0.0,0.0,0.0,2.0,0.0,0.0,1.0,0.0,0.0,0.0,0.0,0.06423614378048297
-8,none,0.023900688423778384,0.021442093361461648,0.0013289947153542197,0.11805427990325927,0.06408582837513253,0.003972080794719702,0.0,0.0,0.0,0.0033410498063259557,0.03169689079122868,0.001964593645059626,0.19233813631967486,0.0772833208947998,0.004790069855717291,1.0,0.0,0.0,0.989,0.10435463521037239,0.006467967300551311,0.4236941933376819,0.039674103093015306,0.002459026386005886,0.3277902659849062,0.06614388193737196,0.004099640276064376,0.0,0.0,0.0,0.0,0.0,0.0,1.0,0.0,0.0,0.147,0.3542831022170216,0.02195869417451434,0.0,0.0,0.0,0.0,0.0,0.0,2.0,0.0,0.0,0.9944999999999999,0.0,0.147,0.0,0.0055,0.09616906815983743
-6,none,0.03626686975800117,0.032256521225828914,0.001999279898756844,0.1845535324593252,0.0965060088708821,0.005981504400118278,0.00030616253642320237,0.009681709493115807,0.0006000785713894767,0.11869844545490765,0.1706648848537884,0.010577919153867538,0.2901024012719279,0.10890449409429045,0.006749970475819753,0.999,0.03162277660168379,0.00196,0.67,0.4704480006560994,0.029158669173814978,0.40616078544075096,0.04755339289834745,0.0029473898277420146,0.28904041686875215,0.07767665999187577,0.004814449265532553,0.0,0.0,0.0,0.0,0.0,0.0,1.0,0.0,0.0,0.229,0.4203994954037596,0.026056630680162816,0.0,0.0,0.0,0.0,0.0,0.0,2.0,0.0,0.0,0.8345,0.0,0.229,0.0,0.1655,0.14505120063596394
-4,none,0.05362155064353619,0.04704144769826345,0.0029156591355006755,0.28806315874568644,0.1403004200292473,0.008695910125826288,0.003027836044035965,0.03185356321631277,0.0019743043025718587,0.3258901721439772,0.20258409897773869,0.0125562925418518,0.4300371139880129,0.15201944897825564,0.009422263065334873,0.991,0.09448771310560929,0.0058564091325596385,0.256,0.43664018900538076,0.027063239298378925,0.38660811418464525,0.05653584815659782,0.003504128172635906,0.24357050448268183,0.08673143585676826,0.005375670088066027,0.0,0.0,0.0,0.0,0.0,0.0,1.0,0.0,0.0,0.329,0.4700850773849134,0.029136174956419576,0.0,0.0,0.0,0.0,0.0,0.0,2.0,0.0,0.0,0.6234999999999999,0.0,0.329,0.0,0.3765,0.21501855699400646
-2,none,0.08410927817455871,0.07906694221642126,0.004900619850564736,0.44172586627997235,0.2210481710444286,0.013700707585051557,0.018635343544239787,0.08740395391914353,0.005417353189422324,0.4974289572124522,0.2578475611601114,0.015981557414756195,0.6220625959481949,0.21725036160187497,0.013465316917079386,0.954,0.20958990416508122,0.012990516846066131,0.176,0.3810107205436209,0.023615289121251097,0.3606394052529855,0.06935981890098575,0.004298966114148671,0.19998481793389952,0.10191904743914378,0.006317008006503934,0.0,0.0,0.0,0.0,0.0,0.0,1.0,0.0,0.0,0.469,0.4992877810324305,0.03094617728069637,0.0,0.0,0.0,0.0,0.0,0.0,2.0,0.0,0.0,0.565,0.0,0.469,0.0,0.43489244688190787,0.31103129797409745
0,none,0.11978896507456052,0.1024394171379382,0.006349260854585047,0.7254892313599316,0.3332442139015886,0.020654690366826784,0.04514632786721641,0.13309331323805013,0.008249209018941375,0.7492438030467388,0.32673270435221335,0.02025110282366032,0.9134728809558411,0.28583179760934807,0.017716038359657894,0.889,0.31428932176861785,0.019479853980744085,0.119,0.32395052700056526,0.020078661684859757,0.3337315223876361,0.07653738685526279,0.004743836384953225,0.1422257200084133,0.10355991537369588,0.006418710054753261,0.0,0.0,0.0,0.0,0.0,0.0,1.0,0.0,0.0,0.63,0.48304589153964794,0.029939494540378152,0.0,0.0,0.0,0.0,0.0,0.0,2.0,0.0,0.0,0.504,0.0,0.63,0.0,0.49027772457961394,0.45673644047792056
2,none,0.17948510688667996,0.18180329847697488,0.011268285182645768,1.1138858140463954,0.5901502547107508,0.03657789174564392,0.12159195842601085,0.22940959198987732,0.014218953824447463,1.0043335895780217,0.48573345941425744,0.030106071723039404,1.2350834339835037,0.4308113510762879,0.026701964180607836,0.743,0.4371980582552285,0.027097816392714254,0.148,0.3552776691859794,0.022020338073900882,0.30466473755033346,0.09027413072550841,0.005595248590934145,0.11286603940147365,0.12631627703878945,0.007829163963509916,0.0,0.0,0.0,0.0,0.0,0.0,1.0,0.0,0.0,0.789,0.4082225442643334,0.0253018954292423,0.0,0.0,0.0,0.0,0.0,0.0,2.0,0.0,0.0,0.4455,0.0,0.789,0.0,0.5237854238287626,0.6175417169917519
4,none,0.2228993655715995,0.2473632838181733,0.015331735172736356,1.8295947396707266,0.9669987281059709,0.05993520211589467,0.1702997346862129,0.28354661052415187,0.017574400996708997,1.3795177770075242,0.6375023555943761,0.03951280536505595,1.6559772902849577,0.5658510500918089,0.035071811439887655,0.677,0.46785669802824226,0.02899805857296314,0.136,0.34296008750526874,0.021256886451727155,0.28849409379122626,0.09727915122851417,0.006029424259909406,0.07783171000198728,0.12558454682690262,0.007783810855104443,0.0,0.0,0.0,0.0,0.0,0.0,1.0,0.0,0.0,0.861,0.3461196307619647,0.021452716971644067,0.0,0.0,0.0,0.0,0.0,0.0,2.0,0.0,0.0,0.40650000000000003,0.0,0.861,0.0,0.539052367780276,0.8279886451424788
6,none,0.33754747575695765,0.3883065627276562,0.024067490104764597,2.6948260046787347,1.5138380781915226,0.09382865618123477,0.3045356586601147,0.36740850069029674,0.022772214800222124,1.6963396413329654,0.8210394120682897,0.05088854998166613,2.0873290862360663,0.7105404043835739,0.04403975052961197,0.466,0.4990922691177386,0.03093405932667788,0.15,0.3572500911513216,0.022142590053882454,0.2476894662421452,0.0997303853788846,0.0061813533265831465,0.06795110003453814,0.1291455287719189,0.008004522802703008,0.0,0.0,0.0,0.0,0.0,0.0,1.0,0.0,0.0,0.923,0.26672484350382913,0.016531777074871693,0.0,0.0,0.0,0.0,0.0,0.0,2.0,0.0,0.0,0.308,0.0,0.923,0.0,0.5778403864233642,1.0436645431180331
8,none,0.4391980589368869,0.573324815967633,0.03553504024807003,4.248292078455407,2.3187848230888775,0.1437197723179123,0.4008250493138989,0.44041584782701276,0.02729725705664259,2.1509590516760544,0.9624999281232514,0.05965636360410944,2.6217592028402685,0.809249650679482,0.0501578130001187,0.366,0.4819504915199032,0.029871600943754975,0.13,0.3364717123521875,0.020854732793298497,0.22806434070949763,0.10619959883260048,0.006582319330580657,0.05146282579327861,0.11727841951546877,0.007268991750650995,0.0,0.0,0.0,0.0,0.0,0.0,1.0,0.0,0.0,0.966,0.18131981931624816,0.011238318833802956,0.0,0.0,0.0,0.0,0.0,0.0,2.0,0.0,0.0,0.248,0.0,0.966,0.0,0.5970910819955759,1.3108796014201343
10,none,0.5989428250039089,0.9069066665642118,0.05621065755406209,6.087926679056045,3.521705965641503,0.21827759717626477,0.5171539082474917,0.5389260751474806,0.03340298420325362,2.489023603696118,1.1716681716896566,0.07262074565550479,3.069067489060234,0.9531575406533935,0.0590773164296135,0.28,0.4492235543710968,0.02784316436401943,0.147,0.35428310221702153,0.021958694174514338,0.20438791907699827,0.10627009741148415,0.006586688877769775,0.051977477385153945,0.11678819571821207,0.007238607364905059,0.0,0.0,0.0,0.0,0.0,0.0,1.0,0.0,0.0,0.979,0.1434558454005259,0.008891485416560775,0.0,0.0,0.0,0.0,0.0,0.0,2.0,0.0,0.0,0.21350000000000002,0.0,0.979,0.0,0.6002824082572019,1.534533744530117
12,none,0.7269669910568043,1.1597712389542751,0.07188336612507779,8.93325096219189,5.136331124239377,0.3183531013204305,0.5995179855760255,0.6004898093911022,0.03721874398416652,2.918077865660501,1.3086673640155315,0.08111204356842801,3.5755037718776412,1.0131633424784279,0.06279651455881273,0.233,0.42295376802895357,0.026214946137671176,0.13,0.33647171235218754,0.0208547327932985,0.18915101848666782,0.10633661699348802,0.006590811804177213,0.04374657860467214,0.1054271315750376,0.006534441313925326,0.0,0.0,0.0,0.0,0.0,0.0,1.0,0.0,0.0,0.982,0.13301764429463367,0.008244519009238421,0.0,0.0,0.0,0.0,0.0,0.0,2.0,0.0,0.0,0.1815,0.0,0.982,0.0,0.6109012362468931,1.7877518859388206
14,none,0.9814708810551699,1.87863359387821,0.11643891649303283,12.094844909101651,7.202744260259977,0.4464307144160724,0.7091768224392077,0.7180678903605371,0.04450630894415873,3.2564164026547413,1.4291951548698085,0.08858243344120738,4.019754033400963,1.0399322143045258,0.06445566642393888,0.187,0.39010663052963246,0.024179059463025364,0.123,0.3286015504817026,0.02036693510682561,0.17253779255934318,0.10410498264966793,0.006452493674527128,0.0387486189837948,0.09790659040815329,0.006068313343166794,0.0,0.0,0.0,0.0,0.0,0.0,1.0,0.0,0.0,0.987,0.11333068359382574,0.007024308543231177,0.0,0.0,0.0,0.0,0.0,0.0,2.0,0.0,0.0,0.155,0.0,0.987,0.0,0.6214623134094107,2.0098770167004814
16,none,1.2915984605463526,2.856000368607975,0.17701673679640048,15.825740988621343,9.540883386302607,0.5913500788592169,0.7870422284411791,0.8478355827711574,0.052549393848704176,3.5343214775502356,1.604472431425188,0.09944623159453751,4.373376563217345,1.122448664125008,0.06957008897086774,0.15,0.3572500911513216,0.022142590053882454,0.139,0.3461196307619648,0.02145271697164407,0.16738370801538435,0.10365325453482324,0.0064244952758966785,0.041411279410837665,0.09954445856003996,0.006169829462960239,0.0,0.0,0.0,0.0,0.0,0.0,1.0,0.0,0.0,0.995,0.07056897321046965,0.004373910274695984,0.0,0.0,0.0,0.0,0.0,0.0,2.0,0.0,0.0,0.14450000000000002,0.0,0.995,0.0,0.6098762656433496,2.1866882816086726
18,none,1.8989264578202503,4.612433414797964,0.28588158487394316,19.75880349865649,12.20151439208859,0.7562576970935644,0.9313779607744529,1.0164968965986227,0.06300313038378852,3.7911509923903464,1.6919074734532586,0.10486551164491405,4.766832943112945,1.0022476110692662,0.06211995051665275,0.1,0.3001501125938321,0.01860349671674898,0.127,0.33313958333104454,0.020648205296877064,0.15297663493284708,0.10011598380278933,0.006205252964504664,0.038121633840064735,0.0938540009760355,0.005817131247837191,0.0,0.0,0.0,0.0,0.0,0.0,1.0,0.0,0.0,0.998,0.04469897088298564,0.002770470918293334,0.0,0.0,0.0,0.0,0.0,0.0,2.0,0.0,0.0,0.1135,0.0,0.998,0.0,0.6224975800679342,2.3834164715564725
20,none,2.1021589458317314,5.272648894959245,0.32680216428464576,23.018947003321248,14.425487922069994,0.894101004582618,0.9747669243043563,1.050933487268079,0.06513753238656964,3.973642932205487,1.7496253034704596,0.10844289981226714,4.9919686548104485,0.9941255404469702,0.061616539363982106,0.083,0.27602026589942125,0.017107913323906525,0.13,0.3364717123521875,0.020854732793298497,0.14677916840884192,0.09699060731672253,0.006011540122971174,0.03664263819403846,0.09210203980499794,0.0057085435694531625,0.0,0.0,0.0,0.0,0.0,0.0,1.0,0.0,0.0,0.999,0.0316227766016838,0.0019600000000000004,0.0,0.0,0.0,0.0,0.0,0.0,2.0,0.0,0.0,0.10650000000000001,0.0,0.999,0.0,0.6221233635097544,2.4959843274052242
22,none,3.006512396160335,7.920945557234397,0.4909452919878252,26.185940050018537,17.542765737440643,1.0873118853058859,1.0897474945751273,1.2263876768432922,0.07601229572247188,4.044445832193155,1.9048797552582568,0.11806567042905983,5.180093158200458,1.0543902493417667,0.0653517847196196,0.054,0.22613079209858866,0.014015731701739125,0.145,0.3522770203960217,0.021834355935064793,0.13889714090220923,0.09025844260992712,0.00559427623145646,0.04047461200139619,0.09512212664737531,0.005895730491260164,0.0,0.0,0.0,0.0,0.0,0.0,1.0,0.0,0.0,0.998,0.04469897088298564,0.002770470918293334,0.0,0.0,0.0,0.0,0.0,0.0,2.0,0.0,0.0,0.09949999999999999,0.0,0.998,0.0,0.6212440754798075,2.590046579100229
24,none,3.2288423490717704,9.153850669846012,0.5673615425643194,29.328888084058043,19.076376329739414,1.1823660546081964,1.0797146406486922,1.2430747684667294,0.07704657237672985,4.264612222717391,1.8246265777363866,0.11309152695253505,5.381643470824577,0.9578286844861572,0.059366836923893225,0.043,0.20295859723646145,0.012579504184407488,0.118,0.3227695465501357,0.020005463758188166,0.13915961652041994,0.08750469169675971,0.0054235969815666606,0.03236370274072151,0.08619760242036693,0.005342582748882442,0.0,0.0,0.0,0.0,0.0,0.0,1.0,0.0,0.0,0.999,0.0316227766016838,0.0019600000000000004,0.0,0.0,0.0,0.0,0.0,0.0,2.0,0.0,0.0,0.08049999999999999,0.0,0.999,0.0,0.6285880651345668,2.6908217354122885
26,none,4.143549222697263,11.455161772958371,0.7099982824975248,29.964029482524282,20.47415132690941,1.269001046499051,1.194233711552387,1.3672839148976628,0.08474513503209347,4.22545421338718,1.9173777361288364,0.11884030330886304,5.459972126457184,0.9550177789631668,0.05919261519458537,0.035,0.18387171834952978,0.01139648717456041,0.131,0.33756918246924283,0.020922754695882284,0.1305709839954037,0.08657535093360569,0.005365995844300147,0.03639138247937221,0.09009528763433787,0.005584163781301218,0.0,0.0,0.0,0.0,0.0,0.0,1.0,0.0,0.0,0.999,0.03162277660168379,0.00196,0.0,0.0,0.0,0.0,0.0,0.0,2.0,0.0,0.0,0.083,0.0,0.999,0.0,0.6316873088908853,2.729986063228592
28,none,5.620087491877505,15.565205857842843,0.964741454099497,32.18151222880731,21.621027503906756,1.3400851684036126,1.2474063212593225,1.5308865489051569,0.09488533134355888,4.317468215255371,1.9550722415464996,0.12117663295977314,5.6045946522435734,0.8883624895614031,0.055061277555483165,0.025,0.15620307103062794,0.009681566646609045,0.137,0.3440194025768741,0.021322543480093093,0.1329803953042043,0.08526544267280545,0.005284806889152173,0.03758144751117764,0.09134568486572224,0.0056616642046316236,0.0,0.0,0.0,0.0,0.0,0.0,1.0,0.0,0.0,1.0,0.0,0.0,0.0,0.0,0.0,0.0,0.0,0.0,2.0,0.0,0.0,0.081,0.0,1.0,0.0,0.622278605320752,2.8022973261217867
30,none,6.46386239791603,16.63736388858859,1.031194497319926,31.84089974680661,22.645370440764854,1.403574601400934,1.370825322405159,1.6300659001315065,0.10103253121952722,4.222283829111916,2.037520568804507,0.12628683322653558,5.635022015946239,0.875511801649462,0.05426478366676931,0.024,0.15312559370479986,0.009490822625785085,0.146,0.3532829019480122,0.02189670111957324,0.12739431089122288,0.08724287844209655,0.005407369627922057,0.04034788102646546,0.09333878320589989,0.005785197719602608,0.0,0.0,0.0,0.0,0.0,0.0,1.0,0.0,0.0,1.0,0.0,0.0,0.0,0.0,0.0,0.0,0.0,0.0,2.0,0.0,0.0,0.08499999999999999,0.0,1.0,0.0,0.626319167063102,2.8175110079731196
-10,dqn,inf,,,inf,,,5.71,4.951809812626129,0.30691635193825545,5.47,4.980351785155733,0.30868540172356257,6.345417775894079,9.221316783220297,0.5715431355939005,0.429,0.49518098126261295,0.030691635193825548,0.453,0.49803517851557333,0.030868540172356258,0.18334695772973744,0.21320515729705813,0.013214592556682177,0.15563489798775493,0.17330334723118923,0.010741452746279228,0.571,0.495180981262613,0.030691635193825555,0.547,0.49803517851557344,0.030868540172356265,0.687,0.4639463829433809,0.02875569473303644,0.313,0.4639463829433809,0.02875569473303644,0.492,0.5001861515337926,0.031001858861249804,0.0,0.0,0.0,1.374,0.9278927658867618,0.05751138946607288,0.441,0.5589999999999999,0.313,0.0,0.559,4.618207988278078
-8,dqn,inf,,,inf,,,5.85,4.929685771101623,0.30554508963785,5.730911229762247,4.947869712038445,0.3066721419737374,6.705486232532569,9.313945286167838,0.5772843096869912,0.415,0.4929685771101623,0.030554508963785004,0.424,0.4944375273666719,0.030645555443954156,0.16915174726272122,0.2034007453240958,0.012606908806799728,0.13269214118065975,0.1575753087635066,0.00976661882246064,0.585,0.4929685771101623,0.030554508963785004,0.573,0.4948898017901722,0.03067358770314589,0.671,0.4700850773849134,0.029136174956419576,0.389,0.48776727741507714,0.03023212906872468,0.5,0.5002501876563868,0.031005827861248298,0.0,0.0,0.0,1.342,0.9401701547698268,0.05827234991283915,0.4195,0.579,0.389,0.0,0.5805,4.996636536909515
-6,dqn,inf,,,inf,,,5.74,4.94741112874975,0.30664371868702966,5.494875160241441,4.91470039654141,0.3046162864999101,6.396553510749197,9.123017586717724,0.5654504882728937,0.426,0.494741112874975,0.030664371868702973,0.278,0.44823756749843824,0.027782052264511137,0.16533505247447058,0.19559570558339257,0.012123147431748185,0.12262133461074666,0.13945119051499943,0.00864327433520956,0.574,0.494741112874975,0.030664371868702973,0.543,0.498396829242923,0.030890955516667536,0.69,0.46272466339510593,0.02867997177092022,0.546,0.49812863010685515,0.030874332361992846,0.497,0.500241183071967,0.031005269751323762,0.117,0.3215811163834319,0.019931804093318153,1.38,0.9254493267902119,0.05735994354184044,0.352,0.5585,0.546,0.117,0.5937842213280362,4.635183703441447
-4,dqn,inf,,,inf,,,5.77441949374355,4.937799241709144,0.30604796775608256,5.903666974682057,4.758832876148838,0.29495551749731796,6.948866535088937,9.226825930356625,0.5718845960710499,0.409,0.49189527438364455,0.03048798497158557,0.068,0.2518718710762268,0.015611180306131579,0.15240099580904265,0.18396242032285914,0.011402108941110666,0.09261047527621108,0.11548389144527847,0.007157765748523601,0.577,0.4942826269608465,0.03063595461733346,0.574,0.494741112874975,0.030664371868702973,0.667,0.4715223571935198,0.029225258481890854,0.671,0.4700850773849134,0.029136174956419576,0.485,0.5000250243988045,0.030991872097957167,0.231,0.42168331341993703,0.026136202545195497,1.334,0.9430447143870396,0.05845051696378171,0.2385,0.5754999999999999,0.671,0.231,0.6565703499949993,5.20904537862739
-2,dqn,inf,,,inf,,,5.645133472393282,4.936267091152125,0.3059530040807044,5.666652724222863,4.708823197772453,0.29185588551836983,6.6893914033582105,8.99009067953812,0.5572115932083107,0.373,0.4838440917331792,0.029988967500928936,0.035,0.1838717183495298,0.011396487174560412,0.1479780807659655,0.1760701984043928,0.010912943958698263,0.0798079663544062,0.09920335340629939,0.006148687546494373,0.562,0.49638936572251674,0.030766531638601536,0.541,0.49856550980544934,0.030901410446249333,0.687,0.4639463829433809,0.02875569473303644,0.72,0.4492235543710968,0.02784316436401943,0.477,0.4997206426802086,0.03097300632358313,0.305,0.4606378047741926,0.028550626933542076,1.374,0.9278927658867618,0.05751138946607288,0.20400000000000001,0.5515000000000001,0.72,0.305,0.6606374143665106,4.868552695311652
0,dqn,inf,,,inf,,,5.479507726473017,4.902816947044212,0.3038797426692438,6.0531709851277915,4.5495284502410716,0.28198269477695703,6.597516763708381,8.738701572679552,0.5416303349383915,0.288,0.45305767983918027,0.02808080592257389,0.024,0.15312559370479986,0.009490822625785085,0.1350791008676427,0.16049202381579133,0.009947398694338612,0.050702618841877524,0.07502516181030952,0.0046501077056078895,0.54,0.49864681754589446,0.030906449952213023,0.57,0.4953234754636058,0.030700467075904212,0.702,0.4576083537321029,0.028362859612623786,0.796,0.40317061716666125,0.024988773743687645,0.514,0.5000540511325291,0.030993671193552626,0.393,0.48866122190101174,0.03028753632199979,1.404,0.9152167074642058,0.05672571922524757,0.156,0.5549999999999999,0.796,0.393,0.6744637750704476,4.699086014037308
2,dqn,inf,,,inf,,,6.011596201715245,4.800609494971012,0.2975448591583251,6.0166921466601915,4.430363319726966,0.27459676346707923,7.336281366090446,8.776091406391515,0.5439477808413407,0.229,0.4203994954037596,0.026056630680162816,0.027,0.16216441439877397,0.010051054536579595,0.11205830605156306,0.15212452824669673,0.00942877594586838,0.03632423965712553,0.07051485331211514,0.004370555888643458,0.591,0.49189527438364455,0.03048798497158557,0.552,0.49753747953651045,0.030837692470041866,0.676,0.4682341756463781,0.029021454878128412,0.863,0.3440194025768741,0.021322543480093093,0.495,0.5002251745216599,0.031004277531096008,0.402,0.4905472827736758,0.030404435586001317,1.352,0.9364683512927562,0.058042909756256825,0.128,0.5715,0.863,0.402,0.7047185588305693,5.426243613972223
4,dqn,inf,,,inf,,,5.897684311516008,4.7807769124201975,0.296315622956545,6.271893188060509,4.196810512434146,0.26012101049763403,7.716941974823054,8.574814187944124,0.5314724895939591,0.213,0.409632516774241,0.025389286430805135,0.027,0.16216441439877397,0.010051054536579595,0.10431043829176158,0.14516359038742804,0.008997332547459143,0.01991776521667407,0.06254745955456534,0.0038767317073738696,0.575,0.4945903553645376,0.030655027821398735,0.557,0.4969889314642712,0.030803693108280208,0.673,0.4693519908248939,0.02909073778068588,0.96,0.19605723255834875,0.012151753170020577,0.478,0.4997657108743713,0.0309757996791974,0.4,0.49014308139587187,0.03037938292505144,1.346,0.9387039816497879,0.05818147556137176,0.12,0.5660000000000001,0.96,0.4,0.7243203726652525,5.733240694519356
6,dqn,inf,,,inf,,,5.932209336217893,4.694751701602322,0.29098372514988435,6.599222191660181,3.9864999589512746,0.24708582734409404,8.167895555521577,8.339737756868567,0.5169023014440811,0.129,0.33536766610910995,0.020786303298201074,0.025,0.15620307103062794,0.009681566646609045,0.08240134087527895,0.12080943023882988,0.007487846062685671,0.01321892022483915,0.058506206028939856,0.003626252218807891,0.57,0.4953234754636058,0.030700467075904212,0.576,0.4944375273666719,0.030645555443954156,0.669,0.47080851804174123,0.029181014272879443,0.987,0.11333068359382573,0.007024308543231176,0.484,0.4999939939579214,0.03098994881130537,0.433,0.4957385972029581,0.030726196587875253,1.338,0.9416170360834825,0.058362028545758886,0.077,0.573,0.987,0.433,0.7492759921166946,6.104555721615529
8,dqn,inf,,,inf,,,5.83162165444196,4.661306558705633,0.28891077371670687,6.759517676787139,3.780100113324389,0.23429303237468724,8.340350500277859,7.986268372452721,0.4949940420214039,0.117,0.3215811163834319,0.019931804093318153,0.023,0.1499783100768024,0.009295751965527295,0.07847506730401536,0.12112141517356485,0.007507183089278333,0.01020519783085281,0.053960639463380575,0.0033445150841875933,0.554,0.49732417127194956,0.030824471486830766,0.572,0.4950364239740962,0.03068267544025736,0.682,0.4659324984298618,0.028878795446251333,0.995,0.07056897321046963,0.004373910274695983,0.49,0.5001501276118503,0.030999626075435438,0.445,0.4972144630058765,0.030817671698051566,1.364,0.9318649968597236,0.05775759089250267,0.07,0.563,0.995,0.445,0.7553666921275035,6.114626466479368
10,dqn,inf,,,inf,,,5.545401579911418,4.636789254137277,0.28739117543603543,6.71066544051136,3.6166438994780177,0.22416191127883034,8.074652804775154,7.42083837534159,0.4599483277156332,0.107,0.3092679204939411,0.01916862430530052,0.029,0.1678904023081343,0.010405954944083617,0.07617850395197263,0.11785622764161499,0.007304804669342843,0.010475853617143462,0.0558506181032797,0.0034616571739181025,0.518,0.49992592043814443,0.030985729570836913,0.54,0.49864681754589446,0.030906449952213023,0.723,0.44774040634219225,0.027751237896800292,0.999,0.0316227766016838,0.0019600000000000004,0.504,0.5002341793942455,0.031004835658881246,0.461,0.4987261049190505,0.030911364234514772,1.446,0.8954808126843845,0.055502475793600584,0.068,0.529,0.999,0.461,0.7535076561826625,5.584130570383923
12,dqn,inf,,,inf,,,5.82420922439338,4.546988803007626,0.28182528581062083,7.183622741042976,3.371714737222831,0.20898104452361305,9.160103932512719,7.363565435245716,0.45639851411128535,0.077,0.26672484350382913,0.016531777074871693,0.022,0.14675672910479282,0.00909607630817839,0.05976416135999294,0.10192183823526052,0.006317180981839331,0.007600619594949909,0.046466879753775614,0.0028800470453486616,0.54,0.49864681754589446,0.030906449952213023,0.58,0.49380547166252003,0.030606380225543017,0.687,0.4639463829433809,0.02875569473303644,0.997,0.054717401199198004,0.003391419662520009,0.494,0.5002141683461336,0.03100359536126939,0.465,0.49902306963107834,0.03092977029805897,1.374,0.9278927658867618,0.05751138946607288,0.0495,0.56,0.997,0.465,0.7792946199839123,6.666742308961221
14,dqn,inf,,,inf,,,5.948080109908946,4.453007126079515,0.27600024112528826,7.043708965345494,3.2485312659056476,0.2013460538704259,8.97680604947239,6.752886805090258,0.41854826047350174,0.052,0.22213812222431645,0.013768263459081494,0.021,0.14345584540052586,0.008891485416560773,0.04878592660850726,0.09304210949232854,0.005766809692329605,0.007147117290254487,0.04375584358092539,0.0027120152824925336,0.544,0.49830945436777774,0.03088553996579919,0.534,0.4990922691177385,0.03093405932667788,0.731,0.44366184852411616,0.027498446264233672,0.996,0.06315051850925682,0.0039141096886335025,0.54,0.4986468175458945,0.030906449952213023,0.524,0.49967356711524546,0.030970088549837647,1.462,0.8873236970482323,0.054996892528467345,0.0365,0.539,0.996,0.524,0.7881881968758606,6.140086217149378
16,dqn,inf,,,inf,,,6.109289807374596,4.411214472712203,0.27340990563287704,7.32616634528679,3.1449333636832524,0.19492498936639743,9.963292836504541,6.81257843381555,0.42224798595223606,0.051,0.22010780869257554,0.013642423322640082,0.032,0.17608806605504818,0.010914051407159403,0.04613991943828856,0.09385226720336025,0.005817023787493456,0.00949058334920841,0.05055479908617081,0.0031334189105841756,0.559,0.49675523728066096,0.03078920859271582,0.561,0.4965133689293024,0.030774217436985447,0.691,0.4623123757079543,0.028654417915324436,0.999,0.03162277660168379,0.00196,0.502,0.5002461856388775,0.031005579813633215,0.487,0.5000810745080053,0.030995346119717413,1.382,0.9246247514159086,0.05730883583064887,0.041499999999999995,0.56,0.999,0.487,0.7981074278786087,7.209329114692142
18,dqn,inf,,,inf,,,6.316238800476223,4.345219045465073,0.26931946667384243,7.428090004951653,2.9615355333117614,0.18355787407301796,10.535507393750756,6.4735195683331535,0.4012328997466145,0.032,0.17608806605504818,0.010914051407159403,0.021,0.14345584540052586,0.008891485416560773,0.039342558263481424,0.08270179339635118,0.005125910260777586,0.006441647527024379,0.04093554258414111,0.0025372112156857355,0.578,0.49412565219806204,0.03062622522073642,0.55,0.4977426521283341,0.03085040919903248,0.689,0.4631344227041362,0.028705368916016473,1.0,0.0,0.0,0.506,0.5002141683461336,0.03100359536126939,0.5,0.5002501876563868,0.031005827861248298,1.378,0.9262688454082724,0.057410737832032946,0.026500000000000003,0.5640000000000001,1.0,0.5,0.8144391289414084,7.6455060912559905
20,dqn,inf,,,inf,,,5.996989284852306,4.370068595640196,0.2708596577505693,7.584629525311992,2.8619816842965093,0.17738746258361368,10.685937588043474,6.238104640480166,0.38664173134910934,0.039,0.19369180807797864,0.012005142641795218,0.023,0.1499783100768024,0.009295751965527295,0.042340631628339516,0.08623507699782307,0.005344905447257073,0.006492612606022959,0.041378311789657174,0.002564654335363129,0.539,0.49872610491905045,0.030911364234514772,0.561,0.4965133689293024,0.030774217436985447,0.7,0.45848687027025126,0.028417310631788217,0.999,0.0316227766016838,0.0019600000000000004,0.5,0.5002501876563868,0.031005827861248298,0.484,0.4999939939579214,0.03098994881130537,1.4,0.9169737405405025,0.05683462126357643,0.031,0.55,0.999,0.484,0.8061729251465564,7.632812562888196
22,dqn,inf,,,inf,,,6.355102644020584,4.25469061426484,0.2637084563761885,7.465469105221741,2.939901761252074,0.1822169989888633,11.16735311937875,6.030487311110332,0.3737734759555204,0.015,0.121613279660528,0.007537669166025826,0.032,0.17608806605504818,0.010914051407159403,0.032268885443073096,0.0717153375623868,0.0044449626733534114,0.009118540008126539,0.047830839527849216,0.0029645861479979186,0.571,0.495180981262613,0.030691635193825555,0.541,0.49856550980544934,0.030901410446249333,0.698,0.4593549901840699,0.028471117261500607,0.999,0.0316227766016838,0.0019600000000000004,0.508,0.5001861515337926,0.031001858861249804,0.506,0.5002141683461336,0.03100359536126939,1.396,0.9187099803681398,0.05694223452300121,0.0235,0.556,0.999,0.506,0.8174633480377393,7.999536618466154
24,dqn,inf,,,inf,,,6.32261997152374,4.278375824878702,0.2651764809392403,7.715793554650767,2.7590941839099927,0.17101042924154988,11.793620684639357,5.9474509669191,0.3686268300216479,0.016,0.12553788177183717,0.007780918525026022,0.019,0.13659303663678338,0.008466124122504796,0.03397935381373151,0.07360639122304749,0.0045621713935610365,0.005333511939842492,0.036592848844178065,0.0022680482690685066,0.57,0.4953234754636058,0.030700467075904212,0.566,0.4958728565770563,0.030734518070095078,0.675,0.4686092130918838,0.029044699939827136,1.0,0.0,0.0,0.486,0.5000540511325291,0.030993671193552626,0.478,0.4997657108743713,0.0309757996791974,1.35,0.9372184261837676,0.05808939987965427,0.0175,0.568,1.0,0.478,0.8263114001975205,8.73601532195508
26,dqn,inf,,,inf,,,6.131137086619794,4.259282367531984,0.26399305619223135,7.628012161464418,2.808309008095013,0.1740607956473102,11.909753822202514,5.70726841330458,0.353740161117963,0.009,0.09448771310560929,0.0058564091325596385,0.022,0.14675672910479282,0.00909607630817839,0.03266288467824923,0.06880979355397998,0.004264875189948361,0.006378788181058007,0.039767758024713384,0.0024648311788120453,0.541,0.49856550980544934,0.030901410446249333,0.554,0.49732417127194956,0.030824471486830766,0.694,0.461060274342278,0.02857681186865632,1.0,0.0,0.0,0.483,0.4999609594367954,0.03098790131047322,0.482,0.49992592043814443,0.030985729570836913,1.388,0.922120548684556,0.05715362373731264,0.0155,0.5475000000000001,1.0,0.482,0.8207895134642591,8.58051428112573
28,dqn,inf,,,inf,,,6.144045910209415,4.227404651376298,0.2620172548749676,7.7882531963734145,2.767607280993845,0.17153807646540126,12.293330803314284,5.481279551638572,0.3397332263555744,0.006,0.07726558075864033,0.004788970310686489,0.026,0.15921478998305827,0.009868234921223778,0.02901665223679141,0.06386241617767394,0.003958233563259466,0.007475313091673435,0.043154226709346814,0.002674726682470257,0.538,0.49880337288836046,0.030916153352869402,0.577,0.4942826269608465,0.03063595461733346,0.697,0.45978516983739526,0.028497780072648977,1.0,0.0,0.0,0.509,0.5001691405606399,0.031000804510210377,0.505,0.5002251745216599,0.031004277531096008,1.394,0.9195703396747905,0.056995560145297955,0.016,0.5575,1.0,0.505,0.8203890987431776,8.818745196064766
30,dqn,inf,,,inf,,,6.461073147338675,4.186184303293351,0.2594623912315811,7.712073556910927,2.7471848689489553,0.17027228225282562,12.883844670203517,5.4106708839044995,0.3353568557888161,0.01,0.09954853042566679,0.006170081839806495,0.024,0.1531255937047999,0.009490822625785086,0.028891530380537593,0.06570426639859422,0.004072392622676517,0.006953215411741397,0.04128676385233646,0.0025589801354214633,0.574,0.494741112874975,0.030664371868702973,0.556,0.49710271686152663,0.03081074560026817,0.678,0.4674767743263129,0.028974510657953617,1.0,0.0,0.0,0.486,0.5000540511325291,0.030993671193552626,0.481,0.49988887654046565,0.030983433566271437,1.356,0.9349535486526258,0.057949021315907234,0.017,0.565,1.0,0.481,0.8321979636727349,9.501360376256281
