hit_rate,miss_rate,outage_probability,noma_success_rate,sic_success_rate,cic_benefit_rate,avg_throughput,spectral_efficiency,energy_per_bit,total_requests,cache_hits,noma_transmissions,outages,cic_events,phase,policy,run,capacity,current_size,utilization,total_hits,total_misses,evictions,cic_opportunities,cic_rate,noma_paired_hits,noma_awareness_enabled,training_step,epsilon,eval_mode,avg_episode_reward,avg_loss,replay_buffer_size,use_neural_network,cic_count,sic_count,warm_up_steps,per_beta
0.69,0.31,0.1774193548387097,0.8709677419354839,1.0,0.0,7.2428597287828085,46.728127282469735,0.042800773673425364,200,138,31,11,0,eval,topk,0,,,,,,,,,,,,,,,,,,,,,
0.705,0.295,0.4,0.7333333333333333,1.0,0.0,7.34641106554049,48.976073770269934,0.040836266487618386,200,141,30,24,0,eval,topk,1,,,,,,,,,,,,,,,,,,,,,
0.715,0.285,0.2413793103448276,0.8275862068965517,1.0,0.0,7.392122704831254,50.98015658504313,0.039230950510394706,200,143,29,14,0,eval,topk,2,,,,,,,,,,,,,,,,,,,,,
0.69,0.31,0.1935483870967742,0.8387096774193549,1.0,0.0,7.178792622882391,46.31479111537026,0.04318274900599239,200,138,31,12,0,eval,topk,3,,,,,,,,,,,,,,,,,,,,,
0.685,0.315,0.234375,0.84375,1.0,0.0,7.1467561952640715,44.667226220400444,0.04477555848512838,200,137,32,15,0,eval,topk,4,,,,,,,,,,,,,,,,,,,,,
0.685,0.315,0.203125,0.84375,1.0,0.0,7.125023611224976,44.5313975701561,0.044912131869410565,200,137,32,13,0,eval,topk,5,,,,,,,,,,,,,,,,,,,,,
0.68,0.32,0.265625,0.84375,1.0,0.0,7.129532220439894,44.55957637774934,0.04488373011101364,200,136,32,17,0,eval,topk,6,,,,,,,,,,,,,,,,,,,,,
0.68,0.32,0.28125,0.84375,1.0,0.0,7.038251121814875,43.98906951134297,0.04546584008748542,200,136,32,18,0,eval,topk,7,,,,,,,,,,,,,,,,,,,,,
0.71,0.29,0.08620689655172414,0.9655172413793104,1.0,0.0,7.44783818595178,51.364401282426066,0.03893747323176304,200,142,29,5,0,eval,topk,8,,,,,,,,,,,,,,,,,,,,,
0.73,0.27,0.3333333333333333,0.8518518518518519,1.0,0.0,7.588438841257898,56.21065808339184,0.03558044093760442,200,146,27,18,0,eval,topk,9,,,,,,,,,,,,,,,,,,,,,
0.7,0.3,0.13333333333333333,0.9333333333333333,1.0,0.0,7.393284891419773,49.28856594279849,0.04057736235055178,200,140,30,8,0,eval,topk,10,,,,,,,,,,,,,,,,,,,,,
0.68,0.32,0.140625,0.9375,1.0,0.0,7.169593959826338,44.809962248914616,0.04463293204511557,200,136,32,9,0,eval,topk,11,,,,,,,,,,,,,,,,,,,,,
0.73,0.27,0.2962962962962963,0.9259259259259259,1.0,0.0,7.544460773371464,55.884894617566395,0.035787845958849436,200,146,27,16,0,eval,topk,12,,,,,,,,,,,,,,,,,,,,,
0.745,0.255,0.2692307692307692,0.8461538461538461,1.0,0.0,7.694684744797392,59.189882652287636,0.03378955845797241,200,149,26,14,0,eval,topk,13,,,,,,,,,,,,,,,,,,,,,
0.675,0.325,0.19696969696969696,0.9090909090909091,1.0,0.0,7.055254232841304,42.75911656267457,0.046773651112938255,200,135,33,13,0,eval,topk,14,,,,,,,,,,,,,,,,,,,,,
0.695,0.305,0.1935483870967742,0.8709677419354839,1.0,0.0,7.283976678379658,46.99339792503005,0.042559169762328285,200,139,31,12,0,eval,topk,15,,,,,,,,,,,,,,,,,,,,,
0.78,0.22,0.3409090909090909,0.7272727272727273,1.0,0.0,7.944622709778863,72.22384281617148,0.02769168631874825,200,156,22,15,0,eval,topk,16,,,,,,,,,,,,,,,,,,,,,
0.7,0.3,0.2833333333333333,0.8,1.0,0.0,7.296692403219793,48.64461602146528,0.04111451921251604,200,140,30,17,0,eval,topk,17,,,,,,,,,,,,,,,,,,,,,
0.685,0.315,0.21875,0.84375,1.0,0.0,7.199676365838603,44.99797728649127,0.04444644227598237,200,137,32,14,0,eval,topk,18,,,,,,,,,,,,,,,,,,,,,
0.75,0.25,0.22,0.84,1.0,0.0,7.668922436726542,61.35137949381234,0.03259910398920553,200,150,25,11,0,eval,topk,19,,,,,,,,,,,,,,,,,,,,,
0.77,0.23,0.32608695652173914,0.7391304347826086,1.0,0.0,7.983059783537917,69.41791116119929,0.028811008089190213,200,154,23,15,0,eval,topk,20,,,,,,,,,,,,,,,,,,,,,
0.72,0.28,0.17857142857142858,0.9285714285714286,1.0,0.0,7.545717630961687,53.89798307829777,0.03710713992942173,200,144,28,10,0,eval,topk,21,,,,,,,,,,,,,,,,,,,,,
0.745,0.255,0.17307692307692307,0.8846153846153846,1.0,0.0,7.749952626581592,59.615020204473794,0.033548592169225004,200,149,26,9,0,eval,topk,22,,,,,,,,,,,,,,,,,,,,,
0.66,0.34,0.16176470588235295,0.9117647058823529,1.0,0.0,6.945297298379171,40.854689990465715,0.048953987913425395,200,132,34,11,0,eval,topk,23,,,,,,,,,,,,,,,,,,,,,
0.66,0.34,0.23529411764705882,0.8823529411764706,1.0,0.0,6.8924569990816575,40.54386470048034,0.049329288531695034,200,132,34,16,0,eval,topk,24,,,,,,,,,,,,,,,,,,,,,
0.74,0.26,0.25,0.8846153846153846,1.0,0.0,7.6895765247758865,59.15058865212221,0.03381200501253581,200,148,26,13,0,eval,topk,25,,,,,,,,,,,,,,,,,,,,,
0.69,0.31,0.11290322580645161,0.9354838709677419,1.0,0.0,7.2110658056432495,46.52300519769839,0.0429894842669997,200,138,31,7,0,eval,topk,26,,,,,,,,,,,,,,,,,,,,,
0.69,0.31,0.1935483870967742,0.9032258064516129,1.0,0.0,7.239999680053111,46.70967535518136,0.04281768145019116,200,138,31,12,0,eval,topk,27,,,,,,,,,,,,,,,,,,,,,
0.73,0.27,0.14814814814814814,0.8888888888888888,1.0,0.0,7.603471076010265,56.3220079704464,0.0355100975989608,200,146,27,8,0,eval,topk,28,,,,,,,,,,,,,,,,,,,,,
0.755,0.245,0.32,0.8,1.0,0.0,7.752570296785049,62.020562374280395,0.03224736963735417,200,151,25,16,0,eval,topk,29,,,,,,,,,,,,,,,,,,,,,
0.775,0.225,0.21739130434782608,0.8695652173913043,1.0,0.0,8.025053465353944,69.78307361177343,0.028660245192504256,200,155,23,10,0,eval,topk,30,,,,,,,,,,,,,,,,,,,,,
0.705,0.295,0.25,0.8333333333333334,1.0,0.0,7.389813743261124,49.26542495507416,0.04059642237581079,200,141,30,15,0,eval,topk,31,,,,,,,,,,,,,,,,,,,,,
0.67,0.33,0.36363636363636365,0.7575757575757576,1.0,0.0,6.909478422948877,41.87562680575077,0.047760479127331903,200,134,33,24,0,eval,topk,32,,,,,,,,,,,,,,,,,,,,,
0.715,0.285,0.3103448275862069,0.7586206896551724,1.0,0.0,7.470462861631546,51.52043352849342,0.0388195491191645,200,143,29,18,0,eval,topk,33,,,,,,,,,,,,,,,,,,,,,
0.74,0.26,0.28846153846153844,0.8461538461538461,1.0,0.0,7.616146719049513,58.585743992688556,0.03413799780795816,200,148,26,15,0,eval,topk,34,,,,,,,,,,,,,,,,,,,,,
0.68,0.32,0.25,0.90625,1.0,0.0,7.1793343045902205,44.870839403688876,0.044572377663957365,200,136,32,16,0,eval,topk,35,,,,,,,,,,,,,,,,,,,,,
0.755,0.245,0.2,0.96,1.0,0.0,7.84791273020345,62.7833018416276,0.031855603979622615,200,151,25,10,0,eval,topk,36,,,,,,,,,,,,,,,,,,,,,
0.74,0.26,0.21153846153846154,0.8461538461538461,1.0,0.0,7.708623883408641,59.297106795451086,0.03372845840352919,200,148,26,11,0,eval,topk,37,,,,,,,,,,,,,,,,,,,,,
0.695,0.305,0.12903225806451613,0.967741935483871,1.0,0.0,7.375659070648419,47.5848972299898,0.04203014225991696,200,139,31,8,0,eval,topk,38,,,,,,,,,,,,,,,,,,,,,
0.735,0.265,0.35185185185185186,0.7407407407407407,1.0,0.0,7.530756103726224,55.78337854612018,0.035852973629886084,200,147,27,19,0,eval,topk,39,,,,,,,,,,,,,,,,,,,,,
0.74,0.26,0.34615384615384615,0.7692307692307693,1.0,0.0,7.642875188885036,58.79134760680797,0.03401861126531487,200,148,26,18,0,eval,topk,40,,,,,,,,,,,,,,,,,,,,,
0.745,0.255,0.19230769230769232,0.9230769230769231,1.0,0.0,7.7230975446371595,59.408442651055076,0.033665248755085496,200,149,26,10,0,eval,topk,41,,,,,,,,,,,,,,,,,,,,,
0.72,0.28,0.32142857142857145,0.75,1.0,0.0,7.43542956271721,53.110211162265784,0.03765754185931344,200,144,28,18,0,eval,topk,42,,,,,,,,,,,,,,,,,,,,,
0.675,0.325,0.3787878787878788,0.7575757575757576,1.0,0.0,6.978534960438363,42.294151275384024,0.047287862262034255,200,135,33,25,0,eval,topk,43,,,,,,,,,,,,,,,,,,,,,
0.695,0.305,0.1935483870967742,0.967741935483871,1.0,0.0,7.31463648922892,47.19120315631561,0.04238078002324337,200,139,31,12,0,eval,topk,44,,,,,,,,,,,,,,,,,,,,,
0.73,0.27,0.07407407407407407,1.0,1.0,0.0,7.745620152748972,57.374964094436834,0.034858409614132085,200,146,27,4,0,eval,topk,45,,,,,,,,,,,,,,,,,,,,,
0.76,0.24,0.0625,1.0,1.0,0.0,7.979729832331714,66.49774860276428,0.030076206217857743,200,152,24,3,0,eval,topk,46,,,,,,,,,,,,,,,,,,,,,
0.765,0.235,0.22916666666666666,0.8333333333333334,1.0,0.0,7.881237380218348,65.67697816848623,0.030452070965708032,200,153,24,11,0,eval,topk,47,,,,,,,,,,,,,,,,,,,,,
0.68,0.32,0.203125,0.9375,1.0,0.0,7.275822796515867,45.47389247822417,0.0439812800489364,200,136,32,13,0,eval,topk,48,,,,,,,,,,,,,,,,,,,,,
0.76,0.24,0.3125,0.8333333333333334,1.0,0.0,7.807912181239965,65.06593484366637,0.030738050637486282,200,152,24,15,0,eval,topk,49,,,,,,,,,,,,,,,,,,,,,
0.735,0.265,0.4444444444444444,0.7037037037037037,1.0,0.0,7.536955717970265,55.82930161459456,0.03582348233202996,200,147,27,24,0,eval,topk,50,,,,,,,,,,,,,,,,,,,,,
0.775,0.225,0.32608695652173914,0.7391304347826086,1.0,0.0,7.935994302081124,69.00864610505324,0.028981875647224837,200,155,23,15,0,eval,topk,51,,,,,,,,,,,,,,,,,,,,,
0.735,0.265,0.3148148148148148,0.8148148148148148,1.0,0.0,7.555461159305175,55.966378957816104,0.035735740586459466,200,147,27,17,0,eval,topk,52,,,,,,,,,,,,,,,,,,,,,
0.725,0.275,0.19642857142857142,0.8214285714285714,1.0,0.0,7.474358670034142,53.38827621452958,0.03746140804328313,200,145,28,11,0,eval,topk,53,,,,,,,,,,,,,,,,,,,,,
0.785,0.215,0.29545454545454547,0.7727272727272727,1.0,0.0,7.9868191750682715,72.6074470460752,0.027545383860292472,200,157,22,13,0,eval,topk,54,,,,,,,,,,,,,,,,,,,,,
0.705,0.295,0.25,0.8333333333333334,1.0,0.0,7.297877112378139,48.65251408252093,0.04110784484040727,200,141,30,15,0,eval,topk,55,,,,,,,,,,,,,,,,,,,,,
0.7,0.3,0.25,0.8,1.0,0.0,7.23019744628011,48.20131630853407,0.041492642798344054,200,140,30,15,0,eval,topk,56,,,,,,,,,,,,,,,,,,,,,
0.69,0.31,0.25806451612903225,0.8709677419354839,1.0,0.0,7.1927079488877075,46.40456741217876,0.043099205779366996,200,138,31,16,0,eval,topk,57,,,,,,,,,,,,,,,,,,,,,
0.675,0.325,0.21212121212121213,0.9090909090909091,1.0,0.0,7.147612762992107,43.3188652302552,0.046169261114511834,200,135,33,14,0,eval,topk,58,,,,,,,,,,,,,,,,,,,,,
0.705,0.295,0.36666666666666664,0.7333333333333333,1.0,0.0,7.267661033082159,48.45107355388106,0.04127875510902471,200,141,30,22,0,eval,topk,59,,,,,,,,,,,,,,,,,,,,,
0.725,0.275,0.23214285714285715,0.8928571428571429,1.0,0.0,7.494128268121673,53.52948762944052,0.03736258441039189,200,145,28,13,0,eval,topk,60,,,,,,,,,,,,,,,,,,,,,
0.735,0.265,0.25925925925925924,0.8518518518518519,1.0,0.0,7.656136910743725,56.71212526476833,0.035265827028395175,200,147,27,14,0,eval,topk,61,,,,,,,,,,,,,,,,,,,,,
0.71,0.29,0.1896551724137931,0.9310344827586207,1.0,0.0,7.529415567282774,51.92700391229499,0.03851560554847361,200,142,29,11,0,eval,topk,62,,,,,,,,,,,,,,,,,,,,,
0.735,0.265,0.2777777777777778,0.7777777777777778,1.0,0.0,7.644880734217217,56.628746179386795,0.03531775175922952,200,147,27,15,0,eval,topk,63,,,,,,,,,,,,,,,,,,,,,
0.695,0.305,0.3064516129032258,0.8387096774193549,1.0,0.0,7.3453259487064,47.389199669073555,0.042203709156650115,200,139,31,19,0,eval,topk,64,,,,,,,,,,,,,,,,,,,,,
0.65,0.35,0.21428571428571427,0.8571428571428571,1.0,0.0,6.8112097585435905,38.921198620249086,0.05138587892715829,200,130,35,15,0,eval,topk,65,,,,,,,,,,,,,,,,,,,,,
0.705,0.295,0.2,0.9,1.0,0.0,7.321958014791587,48.81305343194391,0.04097264685128616,200,141,30,12,0,eval,topk,66,,,,,,,,,,,,,,,,,,,,,
0.695,0.305,0.14516129032258066,0.967741935483871,1.0,0.0,7.281596622288929,46.978042724444705,0.0425730806140911,200,139,31,9,0,eval,topk,67,,,,,,,,,,,,,,,,,,,,,
0.68,0.32,0.21875,0.90625,1.0,0.0,7.134223744421511,44.58889840263444,0.04485421420238169,200,136,32,14,0,eval,topk,68,,,,,,,,,,,,,,,,,,,,,
0.78,0.22,0.20454545454545456,0.9545454545454546,1.0,0.0,8.052748309689386,73.20680281535806,0.0273198654098362,200,156,22,9,0,eval,topk,69,,,,,,,,,,,,,,,,,,,,,
0.725,0.275,0.17857142857142858,0.9642857142857143,1.0,0.0,7.620967008059324,54.43547862899517,0.036740744278763365,200,145,28,10,0,eval,topk,70,,,,,,,,,,,,,,,,,,,,,
0.75,0.25,0.12,1.0,1.0,0.0,7.7866978452960565,62.29358276236845,0.03210603582762942,200,150,25,6,0,eval,topk,71,,,,,,,,,,,,,,,,,,,,,
0.62,0.38,0.25,0.868421052631579,1.0,0.0,6.597239863810516,34.722315072686925,0.057599845972633,200,124,38,19,0,eval,topk,72,,,,,,,,,,,,,,,,,,,,,
0.72,0.28,0.23214285714285715,0.8928571428571429,1.0,0.0,7.495138576076439,53.53670411483171,0.037357548117085596,200,144,28,13,0,eval,topk,73,,,,,,,,,,,,,,,,,,,,,
0.725,0.275,0.35714285714285715,0.8571428571428571,1.0,0.0,7.500526856161388,53.5751918297242,0.03733071094465731,200,145,28,20,0,eval,topk,74,,,,,,,,,,,,,,,,,,,,,
0.67,0.33,0.25757575757575757,0.8181818181818182,1.0,0.0,7.011734835129116,42.49536263714616,0.04706395888599277,200,134,33,17,0,eval,topk,75,,,,,,,,,,,,,,,,,,,,,
0.755,0.245,0.22,0.92,1.0,0.0,7.79803632295725,62.384290583658,0.03205935310457652,200,151,25,11,0,eval,topk,76,,,,,,,,,,,,,,,,,,,,,
0.675,0.325,0.16666666666666666,0.9090909090909091,1.0,0.0,7.083551925905869,42.93061773276285,0.046586797619585237,200,135,33,11,0,eval,topk,77,,,,,,,,,,,,,,,,,,,,,
0.76,0.24,0.1875,0.9166666666666666,1.0,0.0,7.906713022809312,65.8892751900776,0.03035395357181261,200,152,24,9,0,eval,topk,78,,,,,,,,,,,,,,,,,,,,,
0.66,0.34,0.17647058823529413,0.9411764705882353,1.0,0.0,7.036283794456998,41.38990467327646,0.048320961736626256,200,132,34,12,0,eval,topk,79,,,,,,,,,,,,,,,,,,,,,
0.71,0.29,0.20689655172413793,0.896551724137931,1.0,0.0,7.375501204881449,50.86552555090655,0.039319361755112255,200,142,29,12,0,eval,topk,80,,,,,,,,,,,,,,,,,,,,,
0.735,0.265,0.24074074074074073,0.8518518518518519,1.0,0.0,7.584738368487756,56.183247173983375,0.03559780006674542,200,147,27,13,0,eval,topk,81,,,,,,,,,,,,,,,,,,,,,
0.715,0.285,0.25862068965517243,0.8275862068965517,1.0,0.0,7.415190502771997,51.139244846703434,0.039108907571773134,200,143,29,15,0,eval,topk,82,,,,,,,,,,,,,,,,,,,,,
0.7,0.3,0.26666666666666666,0.8333333333333334,1.0,0.0,7.283720243450673,48.55813495633782,0.04118774334719294,200,140,30,16,0,eval,topk,83,,,,,,,,,,,,,,,,,,,,,
0.715,0.285,0.1896551724137931,0.896551724137931,1.0,0.0,7.426569536416059,51.21772094080041,0.039048984672935445,200,143,29,11,0,eval,topk,84,,,,,,,,,,,,,,,,,,,,,
0.71,0.29,0.29310344827586204,0.7931034482758621,1.0,0.0,7.426284238489227,51.21575336889122,0.03905048483021657,200,142,29,17,0,eval,topk,85,,,,,,,,,,,,,,,,,,,,,
0.675,0.325,0.22727272727272727,0.8484848484848485,1.0,0.0,7.122376162583418,43.1659161368692,0.046332851911643894,200,135,33,15,0,eval,topk,86,,,,,,,,,,,,,,,,,,,,,
0.735,0.265,0.25925925925925924,0.8888888888888888,1.0,0.0,7.645469739332673,56.63310918024202,0.035315030888287406,200,147,27,14,0,eval,topk,87,,,,,,,,,,,,,,,,,,,,,
0.69,0.31,0.24193548387096775,0.9032258064516129,1.0,0.0,7.294224541468647,47.05951317076546,0.04249937717677984,200,138,31,15,0,eval,topk,88,,,,,,,,,,,,,,,,,,,,,
0.74,0.26,0.34615384615384615,0.7692307692307693,1.0,0.0,7.613136950383947,58.562591926030365,0.0341514938841193,200,148,26,18,0,eval,topk,89,,,,,,,,,,,,,,,,,,,,,
0.69,0.31,0.27419354838709675,0.8387096774193549,1.0,0.0,7.159748603201601,46.1919264722684,0.04329760962017274,200,138,31,17,0,eval,topk,90,,,,,,,,,,,,,,,,,,,,,
0.725,0.275,0.30357142857142855,0.8214285714285714,1.0,0.0,7.546694742346432,53.904962445331655,0.03710233546732035,200,145,28,17,0,eval,topk,91,,,,,,,,,,,,,,,,,,,,,
0.73,0.27,0.18518518518518517,0.8888888888888888,1.0,0.0,7.564801423848125,56.0355661025787,0.03569161764759903,200,146,27,10,0,eval,topk,92,,,,,,,,,,,,,,,,,,,,,
0.75,0.25,0.16,0.92,1.0,0.0,7.727070272598111,61.816562180784885,0.03235378884627916,200,150,25,8,0,eval,topk,93,,,,,,,,,,,,,,,,,,,,,
0.665,0.335,0.27941176470588236,0.7941176470588235,1.0,0.0,6.99760109360312,41.162359374136,0.04858807975076088,200,133,34,19,0,eval,topk,94,,,,,,,,,,,,,,,,,,,,,
0.765,0.235,0.3333333333333333,0.7083333333333334,1.0,0.0,7.858152375467233,65.48460312889361,0.030541530442864437,200,153,24,16,0,eval,topk,95,,,,,,,,,,,,,,,,,,,,,
0.725,0.275,0.19642857142857142,0.8928571428571429,1.0,0.0,7.534269023508282,53.81620731077344,0.0371635256355128,200,145,28,11,0,eval,topk,96,,,,,,,,,,,,,,,,,,,,,
0.715,0.285,0.3793103448275862,0.7241379310344828,1.0,0.0,7.336525259869274,50.59672593013292,0.039528249372532985,200,143,29,22,0,eval,topk,97,,,,,,,,,,,,,,,,,,,,,
0.63,0.37,0.17567567567567569,0.9459459459459459,1.0,0.0,6.734784914551378,36.4042427813588,0.054938651299845806,200,126,37,13,0,eval,topk,98,,,,,,,,,,,,,,,,,,,,,
0.72,0.28,0.2857142857142857,0.8214285714285714,1.0,0.0,7.381411210152969,52.72436578680692,0.037933125797796785,200,144,28,16,0,eval,topk,99,,,,,,,,,,,,,,,,,,,,,
0.39,0.61,0.08196721311475409,1.0,1.0,0.9180327868852459,4.978762951614351,16.323812956112626,0.1225203943084314,200,78,61,10,122,eval,lru,0,,,,,,,,,,,,,,,,,,,,,
0.575,0.425,0.06976744186046512,1.0,1.0,0.9069767441860465,6.56240845215413,30.522830010019206,0.06552472360339766,200,115,43,6,84,eval,lru,1,,,,,,,,,,,,,,,,,,,,,
0.585,0.415,0.08333333333333333,1.0,1.0,0.8928571428571429,6.521844791567674,31.05640376936988,0.0643989566484368,200,117,42,7,82,eval,lru,2,,,,,,,,,,,,,,,,,,,,,
0.61,0.39,0.0641025641025641,1.0,1.0,0.9358974358974359,6.68020437497616,34.25745833321108,0.05838144734926494,200,122,39,5,78,eval,lru,3,,,,,,,,,,,,,,,,,,,,,
0.59,0.41,0.10975609756097561,1.0,1.0,0.8902439024390244,6.488525120885671,31.651342053100834,0.06318847386138128,200,118,41,9,82,eval,lru,4,,,,,,,,,,,,,,,,,,,,,
0.55,0.45,0.07777777777777778,1.0,1.0,0.9222222222222223,6.195713415224052,27.536504067662452,0.07263086102308476,200,110,45,7,90,eval,lru,5,,,,,,,,,,,,,,,,,,,,,
0.6,0.4,0.0875,1.0,1.0,0.9125,6.725642646106873,33.628213230534364,0.05947387053511375,200,120,40,7,80,eval,lru,6,,,,,,,,,,,,,,,,,,,,,
0.61,0.39,0.1282051282051282,1.0,1.0,0.8717948717948718,6.524175108018341,33.457308246247905,0.05977767204940318,200,122,39,10,78,eval,lru,7,,,,,,,,,,,,,,,,,,,,,
0.605,0.395,0.0625,1.0,1.0,0.9125,6.641113719835574,33.20556859917787,0.06023086139984116,200,121,40,5,78,eval,lru,8,,,,,,,,,,,,,,,,,,,,,
0.61,0.39,0.0641025641025641,1.0,1.0,0.9358974358974359,6.641889246178078,34.06097049322091,0.05871823295223065,200,122,39,5,78,eval,lru,9,,,,,,,,,,,,,,,,,,,,,
0.605,0.395,0.0375,1.0,1.0,0.9375,6.77776822056166,33.8888411028083,0.059016476660639305,200,121,40,3,78,eval,lru,10,,,,,,,,,,,,,,,,,,,,,
0.57,0.43,0.023255813953488372,1.0,1.0,0.9767441860465116,6.368465541737473,29.620769961569643,0.06752018946822871,200,114,43,2,86,eval,lru,11,,,,,,,,,,,,,,,,,,,,,
0.6,0.4,0.075,1.0,1.0,0.925,6.5177419923850115,32.58870996192506,0.061370947249421506,200,120,40,6,80,eval,lru,12,,,,,,,,,,,,,,,,,,,,,
0.615,0.385,0.05128205128205128,0.9743589743589743,1.0,0.9358974358974359,6.791287082968808,34.82711324599389,0.05742652243019473,200,123,39,4,76,eval,lru,13,,,,,,,,,,,,,,,,,,,,,
0.565,0.435,0.045454545454545456,1.0,1.0,0.9318181818181818,6.348255440147025,28.85570654612284,0.06931038048932223,200,113,44,4,86,eval,lru,14,,,,,,,,,,,,,,,,,,,,,
0.56,0.44,0.045454545454545456,1.0,1.0,0.9545454545454546,6.387039185181736,29.03199629628062,0.06888951002850005,200,112,44,4,88,eval,lru,15,,,,,,,,,,,,,,,,,,,,,
0.62,0.38,0.13157894736842105,1.0,1.0,0.868421052631579,6.692594536405048,35.22418177055289,0.05677917553991227,200,124,38,10,76,eval,lru,16,,,,,,,,,,,,,,,,,,,,,
0.62,0.38,0.10526315789473684,1.0,1.0,0.8947368421052632,6.7181608595996405,35.3587413663139,0.05656309932755101,200,124,38,8,76,eval,lru,17,,,,,,,,,,,,,,,,,,,,,
0.565,0.435,0.06818181818181818,1.0,1.0,0.9090909090909091,6.42584516014337,29.208387091560777,0.06847348310368918,200,113,44,6,86,eval,lru,18,,,,,,,,,,,,,,,,,,,,,
0.655,0.345,0.07142857142857142,1.0,1.0,0.9,6.928557207749269,39.59175547285297,0.05051556760021282,200,131,35,5,68,eval,lru,19,,,,,,,,,,,,,,,,,,,,,
0.63,0.37,0.10810810810810811,1.0,1.0,0.8918918918918919,7.0926211911906725,38.33849292535499,0.05216689148146742,200,126,37,8,74,eval,lru,20,,,,,,,,,,,,,,,,,,,,,
0.625,0.375,0.02631578947368421,1.0,1.0,0.9473684210526315,6.795842158584363,35.767590308338754,0.055916542958548865,200,125,38,2,74,eval,lru,21,,,,,,,,,,,,,,,,,,,,,
0.64,0.36,0.05555555555555555,1.0,1.0,0.9444444444444444,7.032960193026234,39.07200107236797,0.051187549782660505,200,128,36,4,72,eval,lru,22,,,,,,,,,,,,,,,,,,,,,
0.545,0.455,0.03260869565217391,1.0,1.0,0.9456521739130435,6.018959864774019,26.16939071640878,0.07642516486812803,200,109,46,3,90,eval,lru,23,,,,,,,,,,,,,,,,,,,,,
0.565,0.435,0.07954545454545454,1.0,1.0,0.8977272727272727,6.331591589496527,28.77996177043876,0.0694927955760627,200,113,44,7,86,eval,lru,24,,,,,,,,,,,,,,,,,,,,,
0.58,0.42,0.047619047619047616,1.0,1.0,0.9523809523809523,6.538681329683479,31.136577760397522,0.06423313491259118,200,116,42,4,84,eval,lru,25,,,,,,,,,,,,,,,,,,,,,
0.59,0.41,0.036585365853658534,1.0,1.0,0.9634146341463414,6.508415068998557,31.748366190236865,0.06299536763611578,200,118,41,3,82,eval,lru,26,,,,,,,,,,,,,,,,,,,,,
0.605,0.395,0.05,1.0,1.0,0.925,6.7072087616664735,33.536043808332366,0.05963732667545835,200,121,40,4,78,eval,lru,27,,,,,,,,,,,,,,,,,,,,,
0.605,0.395,0.0875,1.0,1.0,0.8875,6.726556063365328,33.63278031682664,0.0594657944172219,200,121,40,7,78,eval,lru,28,,,,,,,,,,,,,,,,,,,,,
0.65,0.35,0.08571428571428572,1.0,1.0,0.9142857142857143,6.962214722492463,39.784084128528356,0.050271359610509186,200,130,35,6,70,eval,lru,29,,,,,,,,,,,,,,,,,,,,,
0.655,0.345,0.08571428571428572,1.0,1.0,0.8857142857142857,7.13039226558578,40.74509866049017,0.04908565853932675,200,131,35,6,68,eval,lru,30,,,,,,,,,,,,,,,,,,,,,
0.615,0.385,0.07692307692307693,1.0,1.0,0.8974358974358975,6.7246705152386275,34.48548982173655,0.0579954064836678,200,123,39,6,76,eval,lru,31,,,,,,,,,,,,,,,,,,,,,
0.56,0.44,0.056818181818181816,1.0,1.0,0.9431818181818182,6.267360141713513,28.48800064415233,0.0702049970084698,200,112,44,5,88,eval,lru,32,,,,,,,,,,,,,,,,,,,,,
0.63,0.37,0.12162162162162163,1.0,1.0,0.8783783783783784,6.99987921579378,37.837184950236654,0.05285805491688649,200,126,37,9,74,eval,lru,33,,,,,,,,,,,,,,,,,,,,,
0.59,0.41,0.07317073170731707,1.0,1.0,0.926829268292683,6.561263469572283,32.00616326620626,0.06248796468871676,200,118,41,6,82,eval,lru,34,,,,,,,,,,,,,,,,,,,,,
0.59,0.41,0.036585365853658534,1.0,1.0,0.9634146341463414,6.542299884614863,31.913657973731038,0.06266909301485439,200,118,41,3,82,eval,lru,35,,,,,,,,,,,,,,,,,,,,,
0.635,0.365,0.02702702702702703,1.0,1.0,0.9459459459459459,6.965031322052106,37.64881795703841,0.053122517744972175,200,127,37,2,72,eval,lru,36,,,,,,,,,,,,,,,,,,,,,
0.625,0.375,0.06578947368421052,1.0,1.0,0.9078947368421053,6.919103820025594,36.416335894871544,0.054920407307690086,200,125,38,5,74,eval,lru,37,,,,,,,,,,,,,,,,,,,,,
0.57,0.43,0.0,1.0,1.0,1.0,6.4944673664755745,30.20682496035151,0.0662102025825334,200,114,43,0,86,eval,lru,38,,,,,,,,,,,,,,,,,,,,,
0.63,0.37,0.0945945945945946,1.0,1.0,0.9054054054054054,6.830234138255544,36.92018453111105,0.05417091017827081,200,126,37,7,74,eval,lru,39,,,,,,,,,,,,,,,,,,,,,
0.655,0.345,0.12857142857142856,1.0,1.0,0.8428571428571429,7.19478166748133,41.11303809989331,0.048646368462008406,200,131,35,9,68,eval,lru,40,,,,,,,,,,,,,,,,,,,,,
0.605,0.395,0.05,1.0,1.0,0.925,6.640300948504534,33.20150474252267,0.06023823364362487,200,121,40,4,78,eval,lru,41,,,,,,,,,,,,,,,,,,,,,
0.63,0.37,0.0945945945945946,1.0,1.0,0.9054054054054054,7.059332694584134,38.15855510586018,0.05241288603437846,200,126,37,7,74,eval,lru,42,,,,,,,,,,,,,,,,,,,,,
0.605,0.395,0.1375,1.0,1.0,0.8375,6.725316390215333,33.626581951076666,0.05947675570802293,200,121,40,11,78,eval,lru,43,,,,,,,,,,,,,,,,,,,,,
0.565,0.435,0.03409090909090909,1.0,1.0,0.9431818181818182,6.1932603278133795,28.151183308242636,0.07104497093784339,200,113,44,3,86,eval,lru,44,,,,,,,,,,,,,,,,,,,,,
0.595,0.405,0.012195121951219513,1.0,1.0,0.9634146341463414,6.742104373940712,32.88831401922298,0.06081187375038484,200,119,41,1,80,eval,lru,45,,,,,,,,,,,,,,,,,,,,,
0.695,0.305,0.03225806451612903,1.0,1.0,0.9354838709677419,7.541778275206429,48.65663403358987,0.041104364075396374,200,139,31,2,60,eval,lru,46,,,,,,,,,,,,,,,,,,,,,
0.63,0.37,0.08108108108108109,1.0,1.0,0.918918918918919,6.986250138763605,37.763514263587055,0.052961172682185254,200,126,37,6,74,eval,lru,47,,,,,,,,,,,,,,,,,,,,,
0.575,0.425,0.03488372093023256,1.0,1.0,0.9418604651162791,6.610807240627877,30.74794065408315,0.0650450065095469,200,115,43,3,84,eval,lru,48,,,,,,,,,,,,,,,,,,,,,
0.65,0.35,0.05714285714285714,1.0,1.0,0.9428571428571428,7.002911617260065,40.01663781291466,0.04997921138078561,200,130,35,4,70,eval,lru,49,,,,,,,,,,,,,,,,,,,,,
0.65,0.35,0.17142857142857143,1.0,1.0,0.8285714285714286,6.989411982728172,39.93949704416099,0.05007574326207979,200,130,35,12,70,eval,lru,50,,,,,,,,,,,,,,,,,,,,,
0.655,0.345,0.1,1.0,1.0,0.8714285714285714,7.15624737294038,40.89284213108789,0.04890831489747551,200,131,35,7,68,eval,lru,51,,,,,,,,,,,,,,,,,,,,,
0.615,0.385,0.07692307692307693,1.0,1.0,0.8974358974358975,6.692370783709733,34.319850172870424,0.05827531268131771,200,123,39,6,76,eval,lru,52,,,,,,,,,,,,,,,,,,,,,
0.625,0.375,0.07894736842105263,0.9736842105263158,1.0,0.9078947368421053,6.849006931435347,36.0474049022913,0.05548249604711137,200,125,38,6,74,eval,lru,53,,,,,,,,,,,,,,,,,,,,,
0.67,0.33,0.12121212121212122,1.0,1.0,0.8787878787878788,7.099330666232385,43.026246462014456,0.0464832553256927,200,134,33,8,66,eval,lru,54,,,,,,,,,,,,,,,,,,,,,
0.6,0.4,0.0625,1.0,1.0,0.9375,6.541187820680367,32.70593910340183,0.0611509730289926,200,120,40,5,80,eval,lru,55,,,,,,,,,,,,,,,,,,,,,
0.55,0.45,0.08888888888888889,1.0,1.0,0.9111111111111111,6.175628999506282,27.4472399978057,0.07286707152194145,200,110,45,8,90,eval,lru,56,,,,,,,,,,,,,,,,,,,,,
0.555,0.445,0.1,1.0,1.0,0.8777777777777778,6.212256639247527,27.610029507766786,0.07243744522031002,200,111,45,9,88,eval,lru,57,,,,,,,,,,,,,,,,,,,,,
0.57,0.43,0.06976744186046512,1.0,1.0,0.9302325581395349,6.411390715243143,29.820421931363455,0.06706813218818046,200,114,43,6,86,eval,lru,58,,,,,,,,,,,,,,,,,,,,,
0.58,0.42,0.11904761904761904,1.0,1.0,0.8809523809523809,6.365371103315474,30.311290968168926,0.06598201317457177,200,116,42,10,84,eval,lru,59,,,,,,,,,,,,,,,,,,,,,
0.62,0.38,0.06578947368421052,1.0,1.0,0.9342105263157895,6.650146374375626,35.00077039145066,0.05714159938858154,200,124,38,5,76,eval,lru,60,,,,,,,,,,,,,,,,,,,,,
0.55,0.45,0.1111111111111111,1.0,1.0,0.8888888888888888,6.289831386360095,27.954806161600427,0.07154404821977485,200,110,45,10,90,eval,lru,61,,,,,,,,,,,,,,,,,,,,,
0.615,0.385,0.05128205128205128,1.0,1.0,0.9230769230769231,6.84668868912388,35.111224046789125,0.05696184209741036,200,123,39,4,76,eval,lru,62,,,,,,,,,,,,,,,,,,,,,
0.61,0.39,0.08974358974358974,1.0,1.0,0.9102564102564102,6.900479000272784,35.38707179627069,0.056517815645056355,200,122,39,7,78,eval,lru,63,,,,,,,,,,,,,,,,,,,,,
0.6,0.4,0.05,1.0,1.0,0.95,6.809790635262211,34.04895317631106,0.05873895710225429,200,120,40,4,80,eval,lru,64,,,,,,,,,,,,,,,,,,,,,
0.545,0.455,0.043478260869565216,1.0,1.0,0.9347826086956522,6.11656229135794,26.59374909286061,0.07520564298837137,200,109,46,4,90,eval,lru,65,,,,,,,,,,,,,,,,,,,,,
0.59,0.41,0.06097560975609756,1.0,1.0,0.9390243902439024,6.475263632069393,31.586651863753136,0.06331788530885968,200,118,41,5,82,eval,lru,66,,,,,,,,,,,,,,,,,,,,,
0.59,0.41,0.024390243902439025,1.0,1.0,0.975609756097561,6.518467084764394,31.797400413484848,0.06289822356521406,200,118,41,2,82,eval,lru,67,,,,,,,,,,,,,,,,,,,,,
0.565,0.435,0.06818181818181818,1.0,1.0,0.9090909090909091,6.220876651992712,28.276712054512327,0.07072958115301263,200,113,44,6,86,eval,lru,68,,,,,,,,,,,,,,,,,,,,,
0.68,0.32,0.03125,1.0,1.0,0.96875,7.475095424710712,46.71934640444195,0.04280881805764829,200,136,32,2,64,eval,lru,69,,,,,,,,,,,,,,,,,,,,,
0.58,0.42,0.07142857142857142,1.0,1.0,0.9285714285714286,6.590631839022195,31.38396113820093,0.06372681865086738,200,116,42,6,84,eval,lru,70,,,,,,,,,,,,,,,,,,,,,
0.61,0.39,0.01282051282051282,1.0,1.0,0.9871794871794872,6.717420052888041,34.448307963528414,0.058058003955302175,200,122,39,1,78,eval,lru,71,,,,,,,,,,,,,,,,,,,,,
0.515,0.485,0.09183673469387756,1.0,1.0,0.8877551020408163,5.852955702516811,23.889615112313514,0.08371838518943457,200,103,49,9,96,eval,lru,72,,,,,,,,,,,,,,,,,,,,,
0.595,0.405,0.04878048780487805,1.0,1.0,0.926829268292683,6.659700080274813,32.48634185499909,0.061564333987707345,200,119,41,4,80,eval,lru,73,,,,,,,,,,,,,,,,,,,,,
0.63,0.37,0.05405405405405406,1.0,1.0,0.9459459459459459,6.761048652132006,36.54620893044328,0.054725238500291734,200,126,37,4,74,eval,lru,74,,,,,,,,,,,,,,,,,,,,,
0.57,0.43,0.10465116279069768,1.0,1.0,0.8953488372093024,6.343647710440803,29.505338188096758,0.06778434421764579,200,114,43,9,86,eval,lru,75,,,,,,,,,,,,,,,,,,,,,
0.615,0.385,0.038461538461538464,1.0,1.0,0.9358974358974359,6.756343197099951,34.6479138312818,0.05772353307443012,200,123,39,3,76,eval,lru,76,,,,,,,,,,,,,,,,,,,,,
0.61,0.39,0.0641025641025641,1.0,1.0,0.9358974358974359,6.712901673121094,34.42513678523638,0.058097082154738834,200,122,39,5,78,eval,lru,77,,,,,,,,,,,,,,,,,,,,,
0.635,0.365,0.04054054054054054,1.0,1.0,0.9324324324324325,6.997497276786763,37.824309604252775,0.05287604773029698,200,127,37,3,72,eval,lru,78,,,,,,,,,,,,,,,,,,,,,
0.545,0.455,0.05434782608695652,1.0,1.0,0.9239130434782609,6.130472126501844,26.65422663696454,0.07503500391290159,200,109,46,5,90,eval,lru,79,,,,,,,,,,,,,,,,,,,,,
0.58,0.42,0.023809523809523808,1.0,1.0,0.9761904761904762,6.5185312762486864,31.040625124993745,0.06443169207921688,200,116,42,2,84,eval,lru,80,,,,,,,,,,,,,,,,,,,,,
0.66,0.34,0.058823529411764705,1.0,1.0,0.9411764705882353,7.017804555522386,41.28120326777874,0.048448200189965436,200,132,34,4,68,eval,lru,81,,,,,,,,,,,,,,,,,,,,,
0.62,0.38,0.06578947368421052,1.0,1.0,0.9342105263157895,6.844798134792074,36.02525334101092,0.055516611668715535,200,124,38,5,76,eval,lru,82,,,,,,,,,,,,,,,,,,,,,
0.595,0.405,0.06097560975609756,1.0,1.0,0.9146341463414634,6.563972368577263,32.019377407693966,0.062462176404448705,200,119,41,5,80,eval,lru,83,,,,,,,,,,,,,,,,,,,,,
0.6,0.4,0.025,1.0,1.0,0.975,6.50108685755632,32.5054342877816,0.06152817348303437,200,120,40,2,80,eval,lru,84,,,,,,,,,,,,,,,,,,,,,
0.6,0.4,0.075,1.0,1.0,0.925,6.622140496676792,33.11070248338396,0.06040343000888205,200,120,40,6,80,eval,lru,85,,,,,,,,,,,,,,,,,,,,,
0.58,0.42,0.08333333333333333,1.0,1.0,0.9166666666666666,6.632234342088188,31.58206829565804,0.06332707475890563,200,116,42,7,84,eval,lru,86,,,,,,,,,,,,,,,,,,,,,
0.575,0.425,0.06976744186046512,1.0,1.0,0.9069767441860465,6.431500964427954,29.91395797408351,0.06685842113346338,200,115,43,6,84,eval,lru,87,,,,,,,,,,,,,,,,,,,,,
0.585,0.415,0.047619047619047616,1.0,1.0,0.9285714285714286,6.615122047720718,31.50058117962247,0.06349089207578772,200,117,42,4,82,eval,lru,88,,,,,,,,,,,,,,,,,,,,,
0.615,0.385,0.07692307692307693,0.9743589743589743,1.0,0.9102564102564102,6.868574567659661,35.223459321331596,0.05678034010670793,200,123,39,6,76,eval,lru,89,,,,,,,,,,,,,,,,,,,,,
0.605,0.395,0.05,1.0,1.0,0.925,6.562821124111752,32.814105620558756,0.06094939850339715,200,121,40,4,78,eval,lru,90,,,,,,,,,,,,,,,,,,,,,
0.645,0.355,0.09722222222222222,1.0,1.0,0.875,7.065847214886586,39.25470674936992,0.05094930431577105,200,129,36,7,70,eval,lru,91,,,,,,,,,,,,,,,,,,,,,
0.64,0.36,0.041666666666666664,1.0,1.0,0.9583333333333334,7.011117980181277,38.95065544545154,0.051347017839042546,200,128,36,3,72,eval,lru,92,,,,,,,,,,,,,,,,,,,,,
0.6,0.4,0.0375,1.0,1.0,0.9625,6.464731450026575,32.323657250132875,0.0618741865910541,200,120,40,3,80,eval,lru,93,,,,,,,,,,,,,,,,,,,,,
0.555,0.445,0.07777777777777778,1.0,1.0,0.9,6.365383344173086,28.290592640769272,0.07069487816659667,200,111,45,7,88,eval,lru,94,,,,,,,,,,,,,,,,,,,,,
0.585,0.415,0.08333333333333333,1.0,1.0,0.8928571428571429,6.61473202370302,31.498723922395335,0.06349463568516235,200,117,42,7,82,eval,lru,95,,,,,,,,,,,,,,,,,,,,,
0.58,0.42,0.07142857142857142,1.0,1.0,0.9285714285714286,6.494170985758668,30.924623741707943,0.06467338185598055,200,116,42,6,84,eval,lru,96,,,,,,,,,,,,,,,,,,,,,
0.625,0.375,0.17105263157894737,1.0,1.0,0.8026315789473685,6.720611151677356,35.37163764040714,0.056542476781320426,200,125,38,13,74,eval,lru,97,,,,,,,,,,,,,,,,,,,,,
0.54,0.46,0.03260869565217391,1.0,1.0,0.967391304347826,6.125549385398481,26.632823414776002,0.07509530509973612,200,108,46,3,92,eval,lru,98,,,,,,,,,,,,,,,,,,,,,
0.57,0.43,0.09302325581395349,1.0,1.0,0.9069767441860465,6.276220354734389,29.19172258015995,0.06851257216863567,200,114,43,8,86,eval,lru,99,,,,,,,,,,,,,,,,,,,,,
0.39,0.61,0.08196721311475409,1.0,1.0,0.9180327868852459,4.978762951614351,16.323812956112626,0.1225203943084314,200,78,61,10,122,eval,lfu,0,,,,,,,,,,,,,,,,,,,,,
0.575,0.425,0.06976744186046512,1.0,1.0,0.5813953488372093,6.508921701895337,30.274054427420175,0.06606316986034537,200,115,43,6,55,eval,lfu,1,,,,,,,,,,,,,,,,,,,,,
0.62,0.38,0.2631578947368421,0.868421052631579,1.0,0.05263157894736842,6.5461109707618945,34.45321563558892,0.05804973391029639,200,124,38,20,5,eval,lfu,2,,,,,,,,,,,,,,,,,,,,,
0.6,0.4,0.0625,0.975,1.0,0.075,6.480799848623228,32.40399924311614,0.06172077665459386,200,120,40,5,6,eval,lfu,3,,,,,,,,,,,,,,,,,,,,,
0.635,0.365,0.28378378378378377,0.7837837837837838,1.0,0.02702702702702703,6.62164738682882,35.79268857745308,0.05587733359767396,200,127,37,21,2,eval,lfu,4,,,,,,,,,,,,,,,,,,,,,
0.615,0.385,0.16666666666666666,0.9230769230769231,1.0,0.038461538461538464,6.568150100198251,33.6828210266577,0.05937744936557226,200,123,39,13,4,eval,lfu,5,,,,,,,,,,,,,,,,,,,,,
0.625,0.375,0.2236842105263158,0.868421052631579,1.0,0.0,6.685561801887153,35.187167378353436,0.05683890318577809,200,125,38,17,0,eval,lfu,6,,,,,,,,,,,,,,,,,,,,,
0.635,0.365,0.3108108108108108,0.7837837837837838,1.0,0.013513513513513514,6.5988876121357665,35.66966276830144,0.056070056310634366,200,127,37,23,1,eval,lfu,7,,,,,,,,,,,,,,,,,,,,,
0.635,0.365,0.12162162162162163,0.9459459459459459,1.0,0.02702702702702703,6.820851011883961,36.86946492910249,0.054245430570958,200,127,37,9,2,eval,lfu,8,,,,,,,,,,,,,,,,,,,,,
0.64,0.36,0.2916666666666667,0.8611111111111112,1.0,0.0,6.72155812656518,37.341989592028774,0.053559010161229624,200,128,36,21,0,eval,lfu,9,,,,,,,,,,,,,,,,,,,,,
0.64,0.36,0.16666666666666666,0.8888888888888888,1.0,0.041666666666666664,6.834307481408399,37.96837489671333,0.052675417513672065,200,128,36,12,3,eval,lfu,10,,,,,,,,,,,,,,,,,,,,,
0.55,0.45,0.18888888888888888,0.9333333333333333,1.0,0.011111111111111112,6.005854620360276,26.692687201601228,0.07492688858542594,200,110,45,17,1,eval,lfu,11,,,,,,,,,,,,,,,,,,,,,
0.65,0.35,0.2857142857142857,0.8857142857142857,1.0,0.0,6.807109892635896,38.897770815062266,0.05141682821642689,200,130,35,20,0,eval,lfu,12,,,,,,,,,,,,,,,,,,,,,
0.645,0.355,0.20833333333333334,0.9166666666666666,1.0,0.0,6.828186393879471,37.934368854885946,0.05272263808186174,200,129,36,15,0,eval,lfu,13,,,,,,,,,,,,,,,,,,,,,
0.595,0.405,0.1951219512195122,0.9024390243902439,1.0,0.024390243902439025,6.355906434131282,31.00442162990869,0.06450692820119186,200,119,41,16,2,eval,lfu,14,,,,,,,,,,,,,,,,,,,,,
0.65,0.35,0.15714285714285714,0.9142857142857143,1.0,0.0,6.965088828026996,39.800507588725694,0.0502506154109085,200,130,35,11,0,eval,lfu,15,,,,,,,,,,,,,,,,,,,,,
0.665,0.335,0.27941176470588236,0.7941176470588235,1.0,0.0,6.904293132866058,40.61348901685916,0.04924472258883681,200,133,34,19,0,eval,lfu,16,,,,,,,,,,,,,,,,,,,,,
0.63,0.37,0.28378378378378377,0.8108108108108109,1.0,0.0,6.667401706574232,36.04000922472558,0.05549388146737437,200,126,37,21,0,eval,lfu,17,,,,,,,,,,,,,,,,,,,,,
0.61,0.39,0.2564102564102564,0.8974358974358975,1.0,0.01282051282051282,6.519987023466012,33.43583088956929,0.059816069970132675,200,122,39,20,1,eval,lfu,18,,,,,,,,,,,,,,,,,,,,,
0.665,0.335,0.25,0.8529411764705882,1.0,0.0,6.894412941774318,40.55537024573128,0.0493152938287011,200,133,34,17,0,eval,lfu,19,,,,,,,,,,,,,,,,,,,,,
0.65,0.35,0.38571428571428573,0.7142857142857143,1.0,0.0,6.844911148230864,39.11377798989065,0.0511328770265281,200,130,35,27,0,eval,lfu,20,,,,,,,,,,,,,,,,,,,,,
0.635,0.365,0.13513513513513514,0.9459459459459459,1.0,0.013513513513513514,6.805019770731583,36.78389065260315,0.054371627484665286,200,127,37,10,1,eval,lfu,21,,,,,,,,,,,,,,,,,,,,,
0.62,0.38,0.21052631578947367,0.868421052631579,1.0,0.0,6.644089607267591,34.96889266982943,0.05719368979977929,200,124,38,16,0,eval,lfu,22,,,,,,,,,,,,,,,,,,,,,
0.565,0.435,0.19318181818181818,0.9318181818181818,1.0,0.0,6.125003897080797,27.840926804912712,0.07183668898720308,200,113,44,17,0,eval,lfu,23,,,,,,,,,,,,,,,,,,,,,
0.585,0.415,0.2261904761904762,0.8809523809523809,1.0,0.0,6.261444503449334,29.81640239737778,0.06707717360884193,200,117,42,19,0,eval,lfu,24,,,,,,,,,,,,,,,,,,,,,
0.615,0.385,0.23076923076923078,0.8974358974358975,1.0,0.0,6.580184149978432,33.7445341024535,0.05926885800016376,200,123,39,18,0,eval,lfu,25,,,,,,,,,,,,,,,,,,,,,
0.62,0.38,0.10526315789473684,0.9473684210526315,1.0,0.013157894736842105,6.630352725020175,34.89659328957987,0.05731218469962226,200,124,38,8,2,eval,lfu,26,,,,,,,,,,,,,,,,,,,,,
0.63,0.37,0.24324324324324326,0.8918918918918919,1.0,0.0,6.711137872784553,36.276420933970556,0.055132230482173264,200,126,37,18,0,eval,lfu,27,,,,,,,,,,,,,,,,,,,,,
0.57,0.43,0.23255813953488372,0.8604651162790697,1.0,0.0,6.175912238260891,28.72517320121345,0.06962534171649531,200,114,43,20,0,eval,lfu,28,,,,,,,,,,,,,,,,,,,,,
0.66,0.34,0.35294117647058826,0.7647058823529411,1.0,0.0,6.861178927279845,40.35987604282261,0.04955416607023176,200,132,34,24,0,eval,lfu,29,,,,,,,,,,,,,,,,,,,,,
0.685,0.315,0.234375,0.84375,1.0,0.0,7.207715329475476,45.048220809221725,0.04439686993344217,200,137,32,15,0,eval,lfu,30,,,,,,,,,,,,,,,,,,,,,
0.6,0.4,0.3,0.8,1.0,0.0,6.376525447611442,31.88262723805721,0.06273008761375436,200,120,40,24,0,eval,lfu,31,,,,,,,,,,,,,,,,,,,,,
0.545,0.455,0.29347826086956524,0.8260869565217391,1.0,0.0,5.895420917183738,25.632264857320603,0.07802665941276733,200,109,46,27,0,eval,lfu,32,,,,,,,,,,,,,,,,,,,,,
0.645,0.355,0.2916666666666667,0.8055555555555556,1.0,0.013888888888888888,6.869750750422877,38.16528194679376,0.05240364797483223,200,129,36,21,2,eval,lfu,33,,,,,,,,,,,,,,,,,,,,,
0.635,0.365,0.24324324324324326,0.8378378378378378,1.0,0.0,6.638219696166973,35.882268627929584,0.055737835885974765,200,127,37,18,0,eval,lfu,34,,,,,,,,,,,,,,,,,,,,,
0.625,0.375,0.17105263157894737,0.9736842105263158,1.0,0.0,6.734229138826315,35.44331125698061,0.056428136341411875,200,125,38,13,0,eval,lfu,35,,,,,,,,,,,,,,,,,,,,,
0.68,0.32,0.203125,0.9375,1.0,0.0,7.179300993517481,44.87063120948426,0.04457258447430225,200,136,32,13,0,eval,lfu,36,,,,,,,,,,,,,,,,,,,,,
0.67,0.33,0.24242424242424243,0.8484848484848485,1.0,0.0,7.064658038921598,42.816109326797566,0.046711390442668005,200,134,33,16,0,eval,lfu,37,,,,,,,,,,,,,,,,,,,,,
0.58,0.42,0.14285714285714285,0.9523809523809523,1.0,0.0,6.3722770715775185,30.344176531321516,0.06591050503333261,200,116,42,12,0,eval,lfu,38,,,,,,,,,,,,,,,,,,,,,
0.65,0.35,0.34285714285714286,0.7714285714285715,1.0,0.0,6.768918295563314,38.67953311750465,0.05170693229218137,200,130,35,24,0,eval,lfu,39,,,,,,,,,,,,,,,,,,,,,
0.665,0.335,0.3235294117647059,0.7352941176470589,1.0,0.0,6.878472857846353,40.46160504615502,0.049429576452011154,200,133,34,22,0,eval,lfu,40,,,,,,,,,,,,,,,,,,,,,
0.6,0.4,0.2375,0.875,1.0,0.0,6.3748517132124825,31.874258566062412,0.062746557566345,200,120,40,19,0,eval,lfu,41,,,,,,,,,,,,,,,,,,,,,
0.665,0.335,0.23529411764705882,0.8529411764705882,1.0,0.0,7.0299248551839675,41.352499148140986,0.048364670605160046,200,133,34,16,0,eval,lfu,42,,,,,,,,,,,,,,,,,,,,,
0.615,0.385,0.38461538461538464,0.7435897435897436,1.0,0.0,6.489386831234153,33.27890682684181,0.06009812793450467,200,123,39,30,0,eval,lfu,43,,,,,,,,,,,,,,,,,,,,,
0.61,0.39,0.1794871794871795,0.9230769230769231,1.0,0.0,6.488798642964395,33.275890476740486,0.060103575632272865,200,122,39,14,0,eval,lfu,44,,,,,,,,,,,,,,,,,,,,,
0.665,0.335,0.07352941176470588,1.0,1.0,0.0,7.157833725365877,42.1049042668581,0.047500404877401745,200,133,34,5,0,eval,lfu,45,,,,,,,,,,,,,,,,,,,,,
0.69,0.31,0.1774193548387097,0.9032258064516129,1.0,0.0,7.2774742480292245,46.95144676147886,0.042597196422089645,200,138,31,11,0,eval,lfu,46,,,,,,,,,,,,,,,,,,,,,
0.69,0.31,0.27419354838709675,0.8064516129032258,1.0,0.0,7.193997697363878,46.41288837008954,0.04309147890241811,200,138,31,17,0,eval,lfu,47,,,,,,,,,,,,,,,,,,,,,
0.605,0.395,0.2125,0.925,1.0,0.0,6.647135279493915,33.235676397469575,0.060176298989126985,200,121,40,17,0,eval,lfu,48,,,,,,,,,,,,,,,,,,,,,
0.705,0.295,0.2833333333333333,0.8666666666666667,1.0,0.0,7.326197138958218,48.84131425972145,0.04094893903478277,200,141,30,17,0,eval,lfu,49,,,,,,,,,,,,,,,,,,,,,
0.635,0.365,0.43243243243243246,0.7027027027027027,1.0,0.013513513513513514,6.647841522423679,35.93427849958746,0.05565716311857941,200,127,37,32,1,eval,lfu,50,,,,,,,,,,,,,,,,,,,,,
0.68,0.32,0.234375,0.84375,1.0,0.0,7.106901773017333,44.418136081358334,0.04502665299454949,200,136,32,15,0,eval,lfu,51,,,,,,,,,,,,,,,,,,,,,
0.67,0.33,0.30303030303030304,0.8181818181818182,1.0,0.0,6.959808249130631,42.18065605533716,0.04741509940898461,200,134,33,20,0,eval,lfu,52,,,,,,,,,,,,,,,,,,,,,
0.68,0.32,0.234375,0.8125,1.0,0.0,7.069031447805414,44.18144654878384,0.04526787048024015,200,136,32,15,0,eval,lfu,53,,,,,,,,,,,,,,,,,,,,,
0.71,0.29,0.29310344827586204,0.7586206896551724,1.0,0.017241379310344827,7.293603039844015,50.300710619613895,0.03976086968481384,200,142,29,17,1,eval,lfu,54,,,,,,,,,,,,,,,,,,,,,
0.62,0.38,0.25,0.8421052631578947,1.0,0.0,6.545444986125336,34.449710453291246,0.058055640343093934,200,124,38,19,0,eval,lfu,55,,,,,,,,,,,,,,,,,,,,,
0.605,0.395,0.2375,0.8,1.0,0.0,6.363707453762379,31.818537268811895,0.06285644066864046,200,121,40,19,0,eval,lfu,56,,,,,,,,,,,,,,,,,,,,,
0.625,0.375,0.27631578947368424,0.8421052631578947,1.0,0.0,6.586155859492018,34.66397820785272,0.05769678217565124,200,125,38,21,0,eval,lfu,57,,,,,,,,,,,,,,,,,,,,,
0.65,0.35,0.2,0.9142857142857143,1.0,0.0,6.940059725574668,39.65748414614096,0.05043184264109751,200,130,35,14,0,eval,lfu,58,,,,,,,,,,,,,,,,,,,,,
0.61,0.39,0.32051282051282054,0.7692307692307693,1.0,0.01282051282051282,6.426235863175175,32.95505570859064,0.06068871549437694,200,122,39,25,1,eval,lfu,59,,,,,,,,,,,,,,,,,,,,,
0.655,0.345,0.24285714285714285,0.8857142857142857,1.0,0.0,6.826791042939216,39.01023453108123,0.05126859717817151,200,131,35,17,0,eval,lfu,60,,,,,,,,,,,,,,,,,,,,,
0.64,0.36,0.2361111111111111,0.8611111111111112,1.0,0.0,6.846676352012544,38.03709084451413,0.05258025668091934,200,128,36,17,0,eval,lfu,61,,,,,,,,,,,,,,,,,,,,,
0.625,0.375,0.18421052631578946,0.8947368421052632,1.0,0.0,6.745164836782096,35.50086756201103,0.0563366513932795,200,125,38,14,0,eval,lfu,62,,,,,,,,,,,,,,,,,,,,,
0.65,0.35,0.2857142857142857,0.8,1.0,0.014285714285714285,6.868678334265167,39.249590481515234,0.0509559456662843,200,130,35,20,1,eval,lfu,63,,,,,,,,,,,,,,,,,,,,,
0.64,0.36,0.2777777777777778,0.8611111111111112,1.0,0.0,6.836038036967997,37.97798909426665,0.05266208263517381,200,128,36,20,0,eval,lfu,64,,,,,,,,,,,,,,,,,,,,,
0.635,0.365,0.21621621621621623,0.8648648648648649,1.0,0.0,6.682056114853359,36.11922224245059,0.05537217791055917,200,127,37,16,0,eval,lfu,65,,,,,,,,,,,,,,,,,,,,,
0.665,0.335,0.20588235294117646,0.8529411764705882,1.0,0.0,6.9652120410440626,40.97183553555331,0.0488140200178364,200,133,34,14,0,eval,lfu,66,,,,,,,,,,,,,,,,,,,,,
0.635,0.365,0.13513513513513514,0.972972972972973,1.0,0.0,6.763036957920553,36.55695652930029,0.05470914949927536,200,127,37,10,0,eval,lfu,67,,,,,,,,,,,,,,,,,,,,,
0.61,0.39,0.24358974358974358,0.8461538461538461,1.0,0.0,6.4397148116943015,33.024178521509235,0.06056168811882373,200,122,39,19,0,eval,lfu,68,,,,,,,,,,,,,,,,,,,,,
0.715,0.285,0.1896551724137931,0.9655172413793104,1.0,0.0,7.512983097069253,51.813676531512094,0.03859984725815853,200,143,29,11,0,eval,lfu,69,,,,,,,,,,,,,,,,,,,,,
0.64,0.36,0.19444444444444445,0.9444444444444444,1.0,0.0,6.854309147748816,38.0794952652712,0.0525217045569408,200,128,36,14,0,eval,lfu,70,,,,,,,,,,,,,,,,,,,,,
0.625,0.375,0.10526315789473684,0.9736842105263158,1.0,0.0,6.719563314283692,35.36612270675628,0.05655129391998416,200,125,38,8,0,eval,lfu,71,,,,,,,,,,,,,,,,,,,,,
0.54,0.46,0.29347826086956524,0.8260869565217391,1.0,0.010869565217391304,5.851636354856469,25.441897195028126,0.0786104898022637,200,108,46,27,1,eval,lfu,72,,,,,,,,,,,,,,,,,,,,,
0.63,0.37,0.21621621621621623,0.8918918918918919,1.0,0.0,6.68432681191298,36.131496280610705,0.05535336772292109,200,126,37,16,0,eval,lfu,73,,,,,,,,,,,,,,,,,,,,,
0.68,0.32,0.3125,0.875,1.0,0.0,7.136898934359151,44.605618339744694,0.04483740108178147,200,136,32,20,0,eval,lfu,74,,,,,,,,,,,,,,,,,,,,,
0.63,0.37,0.28378378378378377,0.7837837837837838,1.0,0.02702702702702703,6.632976750559732,35.85392838140395,0.05578189309479746,200,126,37,21,2,eval,lfu,75,,,,,,,,,,,,,,,,,,,,,
0.65,0.35,0.18571428571428572,0.9428571428571428,1.0,0.014285714285714285,6.869603593443368,39.25487767681924,0.050949082467299046,200,130,35,13,1,eval,lfu,76,,,,,,,,,,,,,,,,,,,,,
0.625,0.375,0.15789473684210525,0.9210526315789473,1.0,0.0,6.634550151362053,34.9186850071687,0.0572759254705441,200,125,38,12,0,eval,lfu,77,,,,,,,,,,,,,,,,,,,,,
0.69,0.31,0.24193548387096775,0.8387096774193549,1.0,0.016129032258064516,7.254235123372475,46.80151692498371,0.04273365761211801,200,138,31,15,1,eval,lfu,78,,,,,,,,,,,,,,,,,,,,,
0.615,0.385,0.20512820512820512,0.8974358974358975,1.0,0.0,6.536455253285162,33.52028335018032,0.05966536676036902,200,123,39,16,0,eval,lfu,79,,,,,,,,,,,,,,,,,,,,,
0.645,0.355,0.19444444444444445,0.9166666666666666,1.0,0.0,6.840416159348426,38.00231199638014,0.05262837693113269,200,129,36,14,0,eval,lfu,80,,,,,,,,,,,,,,,,,,,,,
0.685,0.315,0.1875,0.90625,1.0,0.0,7.1939635030577085,44.96227189411068,0.04448173803828554,200,137,32,12,0,eval,lfu,81,,,,,,,,,,,,,,,,,,,,,
0.65,0.35,0.22857142857142856,0.8571428571428571,1.0,0.0,6.853473969076912,39.16270839472521,0.0510689909349931,200,130,35,16,0,eval,lfu,82,,,,,,,,,,,,,,,,,,,,,
0.63,0.37,0.25675675675675674,0.8648648648648649,1.0,0.0,6.663665777037055,36.01981501101111,0.05552499365664727,200,126,37,19,0,eval,lfu,83,,,,,,,,,,,,,,,,,,,,,
0.605,0.395,0.1875,0.925,1.0,0.0,6.444389442228434,32.221947211142165,0.06206949526962204,200,121,40,15,0,eval,lfu,84,,,,,,,,,,,,,,,,,,,,,
0.605,0.395,0.225,0.85,1.0,0.0125,6.478054553186849,32.39027276593425,0.06174693292806894,200,121,40,18,1,eval,lfu,85,,,,,,,,,,,,,,,,,,,,,
0.62,0.38,0.25,0.8421052631578947,1.0,0.0,6.562855760844522,34.541346109708016,0.05790162298966948,200,124,38,19,0,eval,lfu,86,,,,,,,,,,,,,,,,,,,,,
0.625,0.375,0.25,0.8947368421052632,1.0,0.0,6.691979142359933,35.22094285452596,0.056784396949867456,200,125,38,19,0,eval,lfu,87,,,,,,,,,,,,,,,,,,,,,
0.645,0.355,0.25,0.8888888888888888,1.0,0.0,6.87460090277553,38.19222723764184,0.0523666762756591,200,129,36,18,0,eval,lfu,88,,,,,,,,,,,,,,,,,,,,,
0.67,0.33,0.3181818181818182,0.8181818181818182,1.0,0.0,7.023609316806634,42.56732919276748,0.04698439009276193,200,134,33,21,0,eval,lfu,89,,,,,,,,,,,,,,,,,,,,,
0.63,0.37,0.22972972972972974,0.918918918918919,1.0,0.0,6.676956940873632,36.09165913985747,0.05541446549325629,200,126,37,17,0,eval,lfu,90,,,,,,,,,,,,,,,,,,,,,
0.665,0.335,0.2647058823529412,0.8529411764705882,1.0,0.0,7.022769769928509,41.31041041134417,0.048413946510944945,200,133,34,18,0,eval,lfu,91,,,,,,,,,,,,,,,,,,,,,
0.69,0.31,0.16129032258064516,0.9032258064516129,1.0,0.016129032258064516,7.220844445637038,46.58609319765831,0.04293126688074655,200,138,31,10,1,eval,lfu,92,,,,,,,,,,,,,,,,,,,,,
0.67,0.33,0.18181818181818182,0.9090909090909091,1.0,0.0,7.016034239959071,42.52141963611558,0.04703511823253661,200,134,33,12,0,eval,lfu,93,,,,,,,,,,,,,,,,,,,,,
0.61,0.39,0.2948717948717949,0.8205128205128205,1.0,0.01282051282051282,6.493701313100393,33.30103237487381,0.06005819812087968,200,122,39,23,1,eval,lfu,94,,,,,,,,,,,,,,,,,,,,,
0.665,0.335,0.27941176470588236,0.7941176470588235,1.0,0.0,6.970253171310239,41.00148924300141,0.04877871601557454,200,133,34,19,0,eval,lfu,95,,,,,,,,,,,,,,,,,,,,,
0.655,0.345,0.2,0.8857142857142857,1.0,0.0,6.92578229088487,39.5758988050564,0.05053580740772641,200,131,35,14,0,eval,lfu,96,,,,,,,,,,,,,,,,,,,,,
0.68,0.32,0.359375,0.78125,1.0,0.0,7.01432998427541,43.83956240172131,0.0456208933308484,200,136,32,23,0,eval,lfu,97,,,,,,,,,,,,,,,,,,,,,
0.555,0.445,0.14444444444444443,0.9333333333333333,1.0,0.0,6.042645250350509,26.856201112668927,0.07447069641791357,200,111,45,13,0,eval,lfu,98,,,,,,,,,,,,,,,,,,,,,
0.645,0.355,0.20833333333333334,0.8888888888888888,1.0,0.0,6.802742480168284,37.79301377871269,0.05291983358909897,200,129,36,15,0,eval,lfu,99,,,,,,,,,,,,,,,,,,,,,
0.39,0.61,0.08196721311475409,1.0,1.0,0.9180327868852459,4.978762951614351,16.323812956112626,0.1225203943084314,200,78,61,10,122,eval,random,0,,,,,,,,,,,,,,,,,,,,,
0.575,0.425,0.06976744186046512,1.0,1.0,0.8837209302325582,6.542028682696323,30.42804038463406,0.06572884664008746,200,115,43,6,81,eval,random,1,,,,,,,,,,,,,,,,,,,,,
0.575,0.425,0.09302325581395349,1.0,1.0,0.6511627906976745,6.386757206562786,29.705847472385052,0.06732681172820357,200,115,43,8,61,eval,random,2,,,,,,,,,,,,,,,,,,,,,
0.565,0.435,0.07954545454545454,0.9772727272727273,1.0,0.7272727272727273,6.2625480675755645,28.46612757988893,0.0702589417681449,200,113,44,7,68,eval,random,3,,,,,,,,,,,,,,,,,,,,,
0.55,0.45,0.1111111111111111,1.0,1.0,0.7111111111111111,6.1404141709879205,27.290729648835203,0.0732849588755998,200,110,45,10,73,eval,random,4,,,,,,,,,,,,,,,,,,,,,
0.535,0.465,0.07446808510638298,1.0,1.0,0.7021276595744681,6.079519027050436,25.870293732129515,0.07730874727240176,200,107,47,7,72,eval,random,5,,,,,,,,,,,,,,,,,,,,,
0.535,0.465,0.09574468085106383,0.9787234042553191,1.0,0.7340425531914894,6.104136002769062,25.97504682029388,0.07699697382017547,200,107,47,9,75,eval,random,6,,,,,,,,,,,,,,,,,,,,,
0.58,0.42,0.09523809523809523,1.0,1.0,0.7738095238095238,6.291202687001379,29.9581080333399,0.06675989010301425,200,116,42,8,71,eval,random,7,,,,,,,,,,,,,,,,,,,,,
0.555,0.445,0.06666666666666667,1.0,1.0,0.7,6.162872710214441,27.39054537873085,0.07301789622462314,200,111,45,6,69,eval,random,8,,,,,,,,,,,,,,,,,,,,,
0.565,0.435,0.07954545454545454,1.0,1.0,0.7159090909090909,6.312680569568783,28.69400258894901,0.06970097649500683,200,113,44,7,69,eval,random,9,,,,,,,,,,,,,,,,,,,,,
0.585,0.415,0.07142857142857142,1.0,1.0,0.7738095238095238,6.573582086088578,31.30277183851704,0.0638921054760737,200,117,42,6,70,eval,random,10,,,,,,,,,,,,,,,,,,,,,
0.48,0.52,0.07692307692307693,0.9807692307692307,1.0,0.7307692307692307,5.521048750523338,21.234802886628223,0.09418500424411384,200,96,52,8,82,eval,random,11,,,,,,,,,,,,,,,,,,,,,
0.56,0.44,0.07954545454545454,1.0,1.0,0.6477272727272727,6.15761835122382,27.989174323744635,0.07145619863117214,200,112,44,7,63,eval,random,12,,,,,,,,,,,,,,,,,,,,,
0.565,0.435,0.045454545454545456,0.9772727272727273,1.0,0.75,6.3615267233471595,28.916030560668904,0.06916578663187492,200,113,44,4,68,eval,random,13,,,,,,,,,,,,,,,,,,,,,
0.545,0.455,0.07608695652173914,0.9782608695652174,1.0,0.6630434782608695,6.082890368935185,26.44734943015298,0.07562194484864987,200,109,46,7,64,eval,random,14,,,,,,,,,,,,,,,,,,,,,
0.55,0.45,0.05555555555555555,1.0,1.0,0.7666666666666667,6.248103010504386,27.769346713352828,0.07202185995388594,200,110,45,5,73,eval,random,15,,,,,,,,,,,,,,,,,,,,,
0.565,0.435,0.125,1.0,1.0,0.7045454545454546,6.264583398763033,28.475379085286512,0.07023611499639063,200,113,44,11,71,eval,random,16,,,,,,,,,,,,,,,,,,,,,
0.595,0.405,0.0975609756097561,1.0,1.0,0.7195121951219512,6.491443473991415,31.665577921909346,0.06316006626919018,200,119,41,8,65,eval,random,17,,,,,,,,,,,,,,,,,,,,,
0.52,0.48,0.052083333333333336,1.0,1.0,0.7604166666666666,6.003629523864369,25.015123016101537,0.079951635605096,200,104,48,5,77,eval,random,18,,,,,,,,,,,,,,,,,,,,,
0.62,0.38,0.06578947368421052,1.0,1.0,0.7894736842105263,6.613837158346911,34.809669254457425,0.05745530028970032,200,124,38,5,65,eval,random,19,,,,,,,,,,,,,,,,,,,,,
0.595,0.405,0.12195121951219512,0.975609756097561,1.0,0.6829268292682927,6.694958184302017,32.6583326063513,0.06124011363675822,200,119,41,10,63,eval,random,20,,,,,,,,,,,,,,,,,,,,,
0.575,0.425,0.046511627906976744,1.0,1.0,0.686046511627907,6.422972621844929,29.874291264395016,0.06694719490747061,200,115,43,4,63,eval,random,21,,,,,,,,,,,,,,,,,,,,,
0.585,0.415,0.07142857142857142,1.0,1.0,0.7380952380952381,6.58024100090982,31.334480956713428,0.06382744947212854,200,117,42,6,68,eval,random,22,,,,,,,,,,,,,,,,,,,,,
0.485,0.515,0.028846153846153848,1.0,1.0,0.6730769230769231,5.528294285169778,21.26267032757607,0.09406156278527969,200,97,52,3,73,eval,random,23,,,,,,,,,,,,,,,,,,,,,
0.505,0.495,0.07,1.0,1.0,0.74,5.729741085300726,22.918964341202905,0.08726397799766504,200,101,50,7,78,eval,random,24,,,,,,,,,,,,,,,,,,,,,
0.52,0.48,0.041666666666666664,1.0,1.0,0.7291666666666666,5.997006325184368,24.987526354934868,0.08003993558990338,200,104,48,4,73,eval,random,25,,,,,,,,,,,,,,,,,,,,,
0.51,0.49,0.05102040816326531,1.0,1.0,0.7448979591836735,5.7689325637588045,23.54666352554614,0.08493772367495585,200,102,49,5,77,eval,random,26,,,,,,,,,,,,,,,,,,,,,
0.55,0.45,0.05555555555555555,0.9777777777777777,1.0,0.7666666666666667,6.1607926116990495,27.381300496440222,0.07304254961374151,200,110,45,5,72,eval,random,27,,,,,,,,,,,,,,,,,,,,,
0.57,0.43,0.09302325581395349,1.0,1.0,0.7093023255813954,6.425594040810086,29.886483910744587,0.06691988277955217,200,114,43,8,66,eval,random,28,,,,,,,,,,,,,,,,,,,,,
0.625,0.375,0.14473684210526316,0.9736842105263158,1.0,0.7105263157894737,6.740658214629913,35.47714849805217,0.0563743165578769,200,125,38,11,60,eval,random,29,,,,,,,,,,,,,,,,,,,,,
0.625,0.375,0.10526315789473684,0.9736842105263158,1.0,0.6447368421052632,6.825474230290793,35.92354858047786,0.055673787223984646,200,125,38,8,53,eval,random,30,,,,,,,,,,,,,,,,,,,,,
0.555,0.445,0.1,0.9777777777777777,1.0,0.7111111111111111,6.1494965210854176,27.331095649268523,0.0731767224287449,200,111,45,9,69,eval,random,31,,,,,,,,,,,,,,,,,,,,,
0.51,0.49,0.10204081632653061,0.9795918367346939,1.0,0.7346938775510204,5.795819663593104,23.656406790175936,0.08454369328948819,200,102,49,10,79,eval,random,32,,,,,,,,,,,,,,,,,,,,,
0.57,0.43,0.11627906976744186,1.0,1.0,0.6627906976744186,6.437960261106763,29.944001214450058,0.06679134113295658,200,114,43,10,63,eval,random,33,,,,,,,,,,,,,,,,,,,,,
0.545,0.455,0.07608695652173914,0.9782608695652174,1.0,0.75,6.033787927272267,26.233860553357683,0.07623734966236295,200,109,46,7,73,eval,random,34,,,,,,,,,,,,,,,,,,,,,
0.52,0.48,0.052083333333333336,0.9791666666666666,1.0,0.7604166666666666,5.809459559751244,24.206081498963517,0.08262386458897274,200,104,48,5,73,eval,random,35,,,,,,,,,,,,,,,,,,,,,
0.57,0.43,0.023255813953488372,1.0,1.0,0.8255813953488372,6.407769170607652,29.80357753771001,0.06710603777245973,200,114,43,2,73,eval,random,36,,,,,,,,,,,,,,,,,,,,,
0.56,0.44,0.06818181818181818,1.0,1.0,0.7159090909090909,6.334146000211906,28.791572728235938,0.06946477078129869,200,112,44,6,69,eval,random,37,,,,,,,,,,,,,,,,,,,,,
0.495,0.505,0.00980392156862745,1.0,1.0,0.7254901960784313,5.818861785552132,22.819065825694633,0.08764600686448644,200,99,51,1,75,eval,random,38,,,,,,,,,,,,,,,,,,,,,
0.54,0.46,0.09782608695652174,1.0,1.0,0.7608695652173914,6.068131165816417,26.38317898181051,0.07580587621297913,200,108,46,9,75,eval,random,39,,,,,,,,,,,,,,,,,,,,,
0.585,0.415,0.09523809523809523,1.0,1.0,0.7738095238095238,6.432481827388455,30.630865844706925,0.06529361625425956,200,117,42,8,71,eval,random,40,,,,,,,,,,,,,,,,,,,,,
0.565,0.435,0.045454545454545456,1.0,1.0,0.7045454545454546,6.265981358954316,28.481733449792344,0.07022044509775376,200,113,44,4,66,eval,random,41,,,,,,,,,,,,,,,,,,,,,
0.57,0.43,0.09302325581395349,0.9767441860465116,1.0,0.7558139534883721,6.400460809781236,29.76958516177319,0.06718266274560585,200,114,43,8,69,eval,random,42,,,,,,,,,,,,,,,,,,,,,
0.56,0.44,0.125,1.0,1.0,0.7727272727272727,6.310241995558754,28.6829181616307,0.06972791222740408,200,112,44,11,78,eval,random,43,,,,,,,,,,,,,,,,,,,,,
0.5,0.5,0.09,1.0,1.0,0.73,5.582947769826835,22.33179107930734,0.08955842336592527,200,100,50,9,79,eval,random,44,,,,,,,,,,,,,,,,,,,,,
0.58,0.42,0.023809523809523808,1.0,1.0,0.8333333333333334,6.566415403421683,31.26864477819849,0.06396183826279753,200,116,42,2,71,eval,random,45,,,,,,,,,,,,,,,,,,,,,
0.645,0.355,0.027777777777777776,1.0,1.0,0.7916666666666666,7.081164760327405,39.33980422404114,0.0508390938757588,200,129,36,2,59,eval,random,46,,,,,,,,,,,,,,,,,,,,,
0.575,0.425,0.09302325581395349,0.9767441860465116,1.0,0.7209302325581395,6.486419484849884,30.16939295279016,0.06629235142813948,200,115,43,8,66,eval,random,47,,,,,,,,,,,,,,,,,,,,,
0.53,0.47,0.05319148936170213,0.9787234042553191,1.0,0.6808510638297872,6.146026716184825,26.153305175254577,0.07647217002202598,200,106,47,5,66,eval,random,48,,,,,,,,,,,,,,,,,,,,,
0.57,0.43,0.046511627906976744,1.0,1.0,0.813953488372093,6.33408659433012,29.460867880605214,0.06788666267760046,200,114,43,4,74,eval,random,49,,,,,,,,,,,,,,,,,,,,,
0.615,0.385,0.15384615384615385,1.0,1.0,0.6794871794871795,6.655366920597255,34.130086772293616,0.058599323621514356,200,123,39,12,60,eval,random,50,,,,,,,,,,,,,,,,,,,,,
0.615,0.385,0.11538461538461539,1.0,1.0,0.717948717948718,6.768308710573522,34.709275438838574,0.05762148517113854,200,123,39,9,65,eval,random,51,,,,,,,,,,,,,,,,,,,,,
0.56,0.44,0.09090909090909091,0.9545454545454546,1.0,0.7272727272727273,6.1728866464929135,28.05857566587688,0.07127945565791058,200,112,44,8,68,eval,random,52,,,,,,,,,,,,,,,,,,,,,
0.555,0.445,0.07777777777777778,0.9777777777777777,1.0,0.7777777777777778,6.2659830355292385,27.84881349124106,0.07181634508877856,200,111,45,7,74,eval,random,53,,,,,,,,,,,,,,,,,,,,,
0.665,0.335,0.11764705882352941,1.0,1.0,0.7058823529411765,7.072031252647261,41.60018383910154,0.04807671061588258,200,133,34,8,56,eval,random,54,,,,,,,,,,,,,,,,,,,,,
0.545,0.455,0.07608695652173914,1.0,1.0,0.6956521739130435,6.0933214000688976,26.49270173942999,0.07549248920216137,200,109,46,7,68,eval,random,55,,,,,,,,,,,,,,,,,,,,,
0.515,0.485,0.09183673469387756,1.0,1.0,0.7244897959183674,5.874436177523398,23.977290520503665,0.0834122603756977,200,103,49,9,78,eval,random,56,,,,,,,,,,,,,,,,,,,,,
0.53,0.47,0.0851063829787234,1.0,1.0,0.7446808510638298,5.9905347072638016,25.49163705218639,0.07845710324156926,200,106,47,8,78,eval,random,57,,,,,,,,,,,,,,,,,,,,,
0.55,0.45,0.08888888888888889,1.0,1.0,0.7222222222222222,6.180510302794228,27.468934679085457,0.0728095218604447,200,110,45,8,72,eval,random,58,,,,,,,,,,,,,,,,,,,,,
0.52,0.48,0.125,0.9791666666666666,1.0,0.6666666666666666,5.7853247466622735,24.105519777759472,0.08296854904764445,200,104,48,12,73,eval,random,59,,,,,,,,,,,,,,,,,,,,,
0.555,0.445,0.07777777777777778,1.0,1.0,0.7333333333333333,6.128096520528946,27.235984535684207,0.07343226375311045,200,111,45,7,71,eval,random,60,,,,,,,,,,,,,,,,,,,,,
0.52,0.48,0.11458333333333333,1.0,1.0,0.7083333333333334,6.0126140320028325,25.052558466678466,0.07983216575106013,200,104,48,11,77,eval,random,61,,,,,,,,,,,,,,,,,,,,,
0.555,0.445,0.05555555555555555,1.0,1.0,0.8,6.285001797017643,27.933341320078412,0.0715990248743499,200,111,45,5,74,eval,random,62,,,,,,,,,,,,,,,,,,,,,
0.54,0.46,0.08695652173913043,1.0,1.0,0.75,6.264998686703727,27.239124724798813,0.07342379831240234,200,108,46,8,77,eval,random,63,,,,,,,,,,,,,,,,,,,,,
0.585,0.415,0.07142857142857142,0.9761904761904762,1.0,0.6785714285714286,6.645781203140478,31.6465771578118,0.06319798789065281,200,117,42,6,61,eval,random,64,,,,,,,,,,,,,,,,,,,,,
0.525,0.475,0.0625,0.9791666666666666,1.0,0.7083333333333334,5.844680653310881,24.352836055462006,0.0821259583666202,200,105,48,6,70,eval,random,65,,,,,,,,,,,,,,,,,,,,,
0.515,0.485,0.061224489795918366,1.0,1.0,0.6938775510204082,5.890191951462263,24.04159980188679,0.08318913951154945,200,103,49,6,73,eval,random,66,,,,,,,,,,,,,,,,,,,,,
0.525,0.475,0.020833333333333332,1.0,1.0,0.7708333333333334,5.907321538803286,24.613839745013692,0.0812550995992067,200,105,48,2,75,eval,random,67,,,,,,,,,,,,,,,,,,,,,
0.525,0.475,0.0625,1.0,1.0,0.71875,5.854612997890485,24.39422082454369,0.08198663176762529,200,105,48,6,74,eval,random,68,,,,,,,,,,,,,,,,,,,,,
0.62,0.38,0.05263157894736842,1.0,1.0,0.8421052631578947,6.953045550409256,36.59497658110135,0.05465230987558153,200,124,38,4,66,eval,random,69,,,,,,,,,,,,,,,,,,,,,
0.56,0.44,0.06818181818181818,0.9772727272727273,1.0,0.7727272727272727,6.289513024736263,28.588695566983017,0.06995772141173845,200,112,44,6,72,eval,random,70,,,,,,,,,,,,,,,,,,,,,
0.545,0.455,0.043478260869565216,1.0,1.0,0.7608695652173914,6.078176647357561,26.426854988511135,0.07568059085613797,200,109,46,4,72,eval,random,71,,,,,,,,,,,,,,,,,,,,,
0.505,0.495,0.08,1.0,1.0,0.71,5.735747156741189,22.942988626964755,0.08717260129089774,200,101,50,8,75,eval,random,72,,,,,,,,,,,,,,,,,,,,,
0.565,0.435,0.06818181818181818,1.0,1.0,0.7386363636363636,6.412442644850735,29.14746656750334,0.06861659813102969,200,113,44,6,71,eval,random,73,,,,,,,,,,,,,,,,,,,,,
0.6,0.4,0.05,1.0,1.0,0.75,6.474111401919685,32.37055700959842,0.06178454079140393,200,120,40,4,63,eval,random,74,,,,,,,,,,,,,,,,,,,,,
0.515,0.485,0.12244897959183673,0.9795918367346939,1.0,0.6428571428571429,5.78876156918734,23.627598241580976,0.08464677533242902,200,103,49,12,70,eval,random,75,,,,,,,,,,,,,,,,,,,,,
0.55,0.45,0.03333333333333333,1.0,1.0,0.7222222222222222,6.14572172439215,27.314318775076224,0.0732216686957963,200,110,45,3,67,eval,random,76,,,,,,,,,,,,,,,,,,,,,
0.53,0.47,0.0851063829787234,0.9787234042553191,1.0,0.6808510638297872,6.026094591087777,25.642955706756496,0.07799412918195826,200,106,47,8,67,eval,random,77,,,,,,,,,,,,,,,,,,,,,
0.6,0.4,0.0375,1.0,1.0,0.825,6.584003750179334,32.920018750896666,0.06075330682931414,200,120,40,3,68,eval,random,78,,,,,,,,,,,,,,,,,,,,,
0.525,0.475,0.0625,1.0,1.0,0.7083333333333334,5.899385580757824,24.5807732531576,0.08136440539937384,200,105,48,6,71,eval,random,79,,,,,,,,,,,,,,,,,,,,,
0.53,0.47,0.031914893617021274,1.0,1.0,0.7553191489361702,6.096852302495953,25.944052351046608,0.07708895946316259,200,106,47,3,73,eval,random,80,,,,,,,,,,,,,,,,,,,,,
0.61,0.39,0.0641025641025641,1.0,1.0,0.7307692307692307,6.546344387540152,33.57099685918027,0.0595752341936514,200,122,39,5,61,eval,random,81,,,,,,,,,,,,,,,,,,,,,
0.585,0.415,0.07142857142857142,1.0,1.0,0.75,6.579031804003442,31.328722876206868,0.06383918067464327,200,117,42,6,69,eval,random,82,,,,,,,,,,,,,,,,,,,,,
0.545,0.455,0.08695652173913043,0.9782608695652174,1.0,0.7282608695652174,6.117767950932705,26.59899109101176,0.07519082183067587,200,109,46,8,71,eval,random,83,,,,,,,,,,,,,,,,,,,,,
0.515,0.485,0.061224489795918366,1.0,1.0,0.6632653061224489,5.77454419829905,23.569568156322653,0.08485518218811702,200,103,49,6,68,eval,random,84,,,,,,,,,,,,,,,,,,,,,
0.525,0.475,0.08333333333333333,1.0,1.0,0.6770833333333334,6.056658535810787,25.236077232544947,0.07925161987619693,200,105,48,8,70,eval,random,85,,,,,,,,,,,,,,,,,,,,,
0.55,0.45,0.07777777777777778,1.0,1.0,0.7222222222222222,6.44865764589685,28.660700648430446,0.06978196466768954,200,110,45,7,72,eval,random,86,,,,,,,,,,,,,,,,,,,,,
0.515,0.485,0.09183673469387756,1.0,1.0,0.6326530612244898,5.883925346444365,24.016021822221898,0.08327773911953272,200,103,49,9,68,eval,random,87,,,,,,,,,,,,,,,,,,,,,
0.51,0.49,0.05102040816326531,1.0,1.0,0.7244897959183674,5.8831715347413756,24.012945039760716,0.08328840950947056,200,102,49,5,74,eval,random,88,,,,,,,,,,,,,,,,,,,,,
0.52,0.48,0.09375,1.0,1.0,0.6875,6.05854406949905,25.24393362291271,0.07922695527073861,200,104,48,9,72,eval,random,89,,,,,,,,,,,,,,,,,,,,,
0.555,0.445,0.05555555555555555,1.0,1.0,0.7111111111111111,6.117472393062009,27.188766191386705,0.07355979252319261,200,111,45,5,69,eval,random,90,,,,,,,,,,,,,,,,,,,,,
0.575,0.425,0.09302325581395349,1.0,1.0,0.686046511627907,6.502648096513865,30.244874867506347,0.06612690608777173,200,115,43,8,67,eval,random,91,,,,,,,,,,,,,,,,,,,,,
0.61,0.39,0.05128205128205128,1.0,1.0,0.7307692307692307,6.650022045438456,34.10267715609465,0.058646422122392544,200,122,39,4,60,eval,random,92,,,,,,,,,,,,,,,,,,,,,
0.59,0.41,0.036585365853658534,1.0,1.0,0.7439024390243902,6.356266821576037,31.006179617444083,0.06450327078911713,200,118,41,3,63,eval,random,93,,,,,,,,,,,,,,,,,,,,,
0.51,0.49,0.09183673469387756,0.9795918367346939,1.0,0.7346938775510204,5.896023267681243,24.0654010925765,0.08310686334735322,200,102,49,9,78,eval,random,94,,,,,,,,,,,,,,,,,,,,,
0.52,0.48,0.07291666666666667,1.0,1.0,0.7083333333333334,6.031669387550188,25.131955781459116,0.0795799585751095,200,104,48,7,75,eval,random,95,,,,,,,,,,,,,,,,,,,,,
0.575,0.425,0.08139534883720931,1.0,1.0,0.686046511627907,6.437823241407619,29.94336391352381,0.06679276268945546,200,115,43,7,65,eval,random,96,,,,,,,,,,,,,,,,,,,,,
0.53,0.47,0.1276595744680851,1.0,1.0,0.6595744680851063,5.91788031907203,25.182469442859706,0.07942032867499754,200,106,47,12,73,eval,random,97,,,,,,,,,,,,,,,,,,,,,
0.46,0.54,0.046296296296296294,1.0,1.0,0.7685185185185185,5.385935711638498,19.947910043105548,0.10026112989672548,200,92,54,5,86,eval,random,98,,,,,,,,,,,,,,,,,,,,,
0.545,0.455,0.09782608695652174,0.9782608695652174,1.0,0.7065217391304348,6.003051227509075,26.100222728300324,0.07662769857635779,200,109,46,9,70,eval,random,99,,,,,,,,,,,,,,,,,,,,,
0.34158621556064517,0.6584137844393548,0.22131147540983606,0.8360655737704918,1.0,0.0,4.497347668473918,14.745402191717766,0.13563550006953118,206958,78,61,27,0,eval,dqn,0,200.0,200.0,1.0,70694.0,136264.0,0.0,31531.0,0.15235458402187885,10954.0,True,52379.0,0.0,True,2.54,3.2156207931041716,50000.0,True,35441.0,10954.0,1000.0,0.47706400000000004
0.3416860560538333,0.6583139439461667,0.24107142857142858,0.875,1.0,0.0,5.078453009267671,18.137332175955965,0.11026980046444376,207158,89,56,27,0,eval,dqn,1,200.0,200.0,1.0,70783.0,136375.0,0.0,31531.0,0.15220749379700518,10954.0,True,52379.0,0.0,True,2.54,3.2156207931041716,50000.0,True,35441.0,10954.0,1000.0,0.47706400000000004
0.3417857039516199,0.6582142960483801,0.22321428571428573,0.875,1.0,0.0,4.967442989162953,17.740867818439117,0.11273405678166902,207358,89,56,25,0,eval,dqn,2,200.0,200.0,1.0,70872.0,136486.0,0.0,31531.0,0.15206068731372796,10954.0,True,52379.0,0.0,True,2.54,3.2156207931041716,50000.0,True,35441.0,10954.0,1000.0,0.47706400000000004
0.3418032549937849,0.6581967450062152,0.15625,0.875,1.0,0.0,4.256827830121693,13.30258696913029,0.15034669607055823,207558,72,64,20,0,eval,dqn,3,200.0,200.0,1.0,70944.0,136614.0,0.0,31531.0,0.15191416375181876,10954.0,True,52379.0,0.0,True,2.54,3.2156207931041716,50000.0,True,35441.0,10954.0,1000.0,0.47706400000000004
0.3418544652913486,0.6581455347086513,0.2786885245901639,0.8032786885245902,1.0,0.0,4.458123103576554,14.616797060906734,0.13682888198188697,207758,79,61,34,0,eval,dqn,4,200.0,200.0,1.0,71023.0,136735.0,0.0,31531.0,0.15176792229420769,10954.0,True,52379.0,0.0,True,2.54,3.2156207931041716,50000.0,True,35441.0,10954.0,1000.0,0.47706400000000004
0.34192962040412006,0.65807037959588,0.19827586206896552,0.8448275862068966,1.0,0.0,4.711259684634979,16.245723050465443,0.12310932506895712,207958,84,58,23,0,eval,dqn,5,200.0,200.0,1.0,71107.0,136851.0,0.0,31531.0,0.15162196212696794,10954.0,True,52379.0,0.0,True,2.54,3.2156207931041716,50000.0,True,35441.0,10954.0,1000.0,0.47706400000000004
0.34207669174377153,0.6579233082562285,0.19607843137254902,0.9019607843137255,1.0,0.0,5.487185622959404,21.51837499199766,0.09294382130359602,208158,99,51,20,0,eval,dqn,6,200.0,200.0,1.0,71206.0,136952.0,0.0,31531.0,0.15147628243930092,10954.0,True,52379.0,0.0,True,2.54,3.2156207931041716,50000.0,True,35441.0,10954.0,1000.0,0.47706400000000004
0.3422042830128913,0.6577957169871087,0.2641509433962264,0.8113207547169812,1.0,0.0,5.157664059659096,19.46288324399659,0.10275969777586313,208358,95,53,28,0,eval,dqn,7,200.0,200.0,1.0,71301.0,137057.0,0.0,31531.0,0.15133088242352105,10954.0,True,52379.0,0.0,True,2.54,3.2156207931041716,50000.0,True,35441.0,10954.0,1000.0,0.47706400000000004
0.3422884761073658,0.6577115238926342,0.16666666666666666,0.9122807017543859,1.0,0.0,4.913801878722178,17.24141010077957,0.11599979284232499,208558,86,57,19,0,eval,dqn,8,200.0,200.0,1.0,71387.0,137171.0,0.0,31531.0,0.151185761275041,10954.0,True,52379.0,0.0,True,2.54,3.2156207931041716,50000.0,True,35441.0,10954.0,1000.0,0.47706400000000004
0.34237250787993756,0.6576274921200624,0.2631578947368421,0.8596491228070176,1.0,0.0,4.828241672227423,16.94119884992078,0.11805539960410488,208758,86,57,30,0,eval,dqn,9,200.0,200.0,1.0,71473.0,137285.0,0.0,31531.0,0.1510409181923567,10954.0,True,52379.0,0.0,True,2.54,3.2156207931041716,50000.0,True,35441.0,10954.0,1000.0,0.47706400000000004
0.34242766488959503,0.657572335110405,0.225,0.8666666666666667,1.0,0.0,4.703662517633982,15.67887505877994,0.12756017204691156,208958,80,60,27,0,eval,dqn,10,200.0,200.0,1.0,71553.0,137405.0,0.0,31531.0,0.1508963523770327,10954.0,True,52379.0,0.0,True,2.54,3.2156207931041716,50000.0,True,35441.0,10954.0,1000.0,0.47706400000000004
0.34250662178831315,0.6574933782116869,0.2672413793103448,0.8448275862068966,1.0,0.0,4.797664565287232,16.543670914783558,0.12089215327734691,209158,85,58,31,0,eval,dqn,11,200.0,200.0,1.0,71638.0,137520.0,0.0,31531.0,0.15075206303368746,10954.0,True,52379.0,0.0,True,2.54,3.2156207931041716,50000.0,True,35441.0,10954.0,1000.0,0.47706400000000004
0.34258542783175233,0.6574145721682476,0.2672413793103448,0.8793103448275862,1.0,0.0,4.796599791995272,16.53999928274232,0.1209189895241883,209358,85,58,31,0,eval,dqn,12,200.0,200.0,1.0,71723.0,137635.0,0.0,31531.0,0.1506080493699787,10954.0,True,52379.0,0.0,True,2.54,3.2156207931041716,50000.0,True,35441.0,10954.0,1000.0,0.47706400000000004
0.34267839929756916,0.6573216007024308,0.2767857142857143,0.875,1.0,0.0,4.932352723510887,17.61554544111031,0.1135360813371408,209558,88,56,31,0,eval,dqn,13,200.0,200.0,1.0,71811.0,137747.0,0.0,31531.0,0.15046431059658902,10954.0,True,52379.0,0.0,True,2.54,3.2156207931041716,50000.0,True,35441.0,10954.0,1000.0,0.47706400000000004
0.34272351948435814,0.6572764805156419,0.2459016393442623,0.8688524590163934,1.0,0.0,4.561939062918383,14.95717725547011,0.13371506975145087,209758,78,61,30,0,eval,dqn,14,200.0,200.0,1.0,71889.0,137869.0,0.0,31531.0,0.15032084592721134,10954.0,True,52379.0,0.0,True,2.54,3.2156207931041716,50000.0,True,35441.0,10954.0,1000.0,0.47706400000000004
0.3428114194267425,0.6571885805732576,0.21052631578947367,0.8947368421052632,1.0,0.0,4.960320913531624,17.404634784321487,0.1149119200020013,209958,87,57,24,0,eval,dqn,15,200.0,200.0,1.0,71976.0,137982.0,0.0,31531.0,0.15017765457853474,10954.0,True,52379.0,0.0,True,2.54,3.2156207931041716,50000.0,True,35441.0,10954.0,1000.0,0.47706400000000004
0.342961010287498,0.657038989712502,0.31,0.78,1.0,0.0,5.397599228003511,21.590396912014043,0.09263377640302174,210158,100,50,31,0,eval,dqn,16,200.0,200.0,1.0,72076.0,138082.0,0.0,31531.0,0.15003473577023002,10954.0,True,52379.0,0.0,True,2.54,3.2156207931041716,50000.0,True,35441.0,10954.0,1000.0,0.47706400000000004
0.34305327109023664,0.6569467289097634,0.2857142857142857,0.8392857142857143,1.0,0.0,4.991083341146851,17.82529764695304,0.11220008998513803,210358,88,56,32,0,eval,dqn,17,200.0,200.0,1.0,72164.0,138194.0,0.0,31531.0,0.1498920887249356,10954.0,True,52379.0,0.0,True,2.54,3.2156207931041716,50000.0,True,35441.0,10954.0,1000.0,0.47706400000000004
0.34311686091243265,0.6568831390875673,0.2627118644067797,0.864406779661017,1.0,0.0,4.763389481983004,16.147082989772894,0.12386138110931513,210558,82,59,31,0,eval,dqn,18,200.0,200.0,1.0,72246.0,138312.0,0.0,31531.0,0.14974971266824344,10954.0,True,52379.0,0.0,True,2.54,3.2156207931041716,50000.0,True,35441.0,10954.0,1000.0,0.47706400000000004
0.3431803300467835,0.6568196699532165,0.288135593220339,0.8305084745762712,1.0,0.0,4.586393494309033,15.547096590878077,0.12864138254427884,210758,82,59,34,0,eval,dqn,19,200.0,200.0,1.0,72328.0,138430.0,0.0,31531.0,0.14960760682868504,10954.0,True,52379.0,0.0,True,2.54,3.2156207931041716,50000.0,True,35441.0,10954.0,1000.0,0.47706400000000004
0.3432578996767129,0.6567421003232872,0.3103448275862069,0.7758620689655172,1.0,0.0,4.863500681409395,16.77069200485998,0.11925566335726753,210958,85,58,36,0,eval,dqn,20,200.0,200.0,1.0,72413.0,138545.0,0.0,31531.0,0.14946577043771747,10954.0,True,52379.0,0.0,True,2.54,3.2156207931041716,50000.0,True,35441.0,10954.0,1000.0,0.47706400000000004
0.34336847289707234,0.6566315271029277,0.19444444444444445,0.8703703703703703,1.0,0.0,5.159725724194543,19.110095274794602,0.1046567257379357,211158,92,54,21,0,eval,dqn,21,200.0,200.0,1.0,72505.0,138653.0,0.0,31531.0,0.1493242027297095,10954.0,True,52379.0,0.0,True,2.54,3.2156207931041716,50000.0,True,35441.0,10954.0,1000.0,0.47706400000000004
0.34347410554604035,0.6565258944539596,0.22727272727272727,0.8545454545454545,1.0,0.0,5.152943239148231,18.737975415084474,0.10673511709221034,211358,91,55,25,0,eval,dqn,22,200.0,200.0,1.0,72596.0,138762.0,0.0,31531.0,0.1491829029419279,10954.0,True,52379.0,0.0,True,2.54,3.2156207931041716,50000.0,True,35441.0,10954.0,1000.0,0.47706400000000004
0.34353227011032433,0.6564677298896757,0.2,0.8833333333333333,1.0,0.0,4.615400683163277,15.38466894387759,0.12999954742580994,211558,81,60,24,0,eval,dqn,23,200.0,200.0,1.0,72677.0,138881.0,0.0,31531.0,0.14904187031452368,10954.0,True,52379.0,0.0,True,2.54,3.2156207931041716,50000.0,True,35441.0,10954.0,1000.0,0.47706400000000004
0.34357615768943794,0.6564238423105621,0.23770491803278687,0.8688524590163934,1.0,0.0,4.441606678846587,14.562644848677335,0.13733768973852656,211758,78,61,29,0,eval,dqn,24,200.0,200.0,1.0,72755.0,139003.0,0.0,31531.0,0.14890110409051843,10954.0,True,52379.0,0.0,True,2.54,3.2156207931041716,50000.0,True,35441.0,10954.0,1000.0,0.47706400000000004
0.3436105266137631,0.6563894733862369,0.28225806451612906,0.8387096774193549,1.0,0.0,4.40843193860233,14.220748189039776,0.14063957630171958,211958,76,62,35,0,eval,dqn,25,200.0,200.0,1.0,72831.0,139127.0,0.0,31531.0,0.14876060351579087,10954.0,True,52379.0,0.0,True,2.54,3.2156207931041716,50000.0,True,35441.0,10954.0,1000.0,0.47706400000000004
0.343696678890261,0.656303321109739,0.21052631578947367,0.8596491228070176,1.0,0.0,4.8971540818226815,17.182996778325197,0.11639413228097789,212158,87,57,24,0,eval,dqn,26,200.0,200.0,1.0,72918.0,139240.0,0.0,31531.0,0.14862036783906335,10954.0,True,52379.0,0.0,True,2.54,3.2156207931041716,50000.0,True,35441.0,10954.0,1000.0,0.47706400000000004
0.34376854180205124,0.6562314581979487,0.2413793103448276,0.8620689655172413,1.0,0.0,4.775214888953228,16.466258237769754,0.1214605025088497,212358,84,58,28,0,eval,dqn,27,200.0,200.0,1.0,73002.0,139356.0,0.0,31531.0,0.14848039631188842,10954.0,True,52379.0,0.0,True,2.54,3.2156207931041716,50000.0,True,35441.0,10954.0,1000.0,0.47706400000000004
0.34378851889837125,0.6562114811016287,0.25,0.859375,1.0,0.0,4.389106443900475,13.715957637188986,0.14581555680642141,212558,73,64,32,0,eval,dqn,28,200.0,200.0,1.0,73075.0,139483.0,0.0,31531.0,0.14834068818863558,10954.0,True,52379.0,0.0,True,2.54,3.2156207931041716,50000.0,True,35441.0,10954.0,1000.0,0.47706400000000004
0.3439071621278636,0.6560928378721365,0.3584905660377358,0.7735849056603774,1.0,0.0,5.074684999742267,19.149754716008555,0.10443998002376849,212758,94,53,38,0,eval,dqn,29,200.0,200.0,1.0,73169.0,139589.0,0.0,31531.0,0.14820124272647797,10954.0,True,52379.0,0.0,True,2.54,3.2156207931041716,50000.0,True,35441.0,10954.0,1000.0,0.47706400000000004
0.34401619098601605,0.655983809013984,0.24074074074074073,0.8888888888888888,1.0,0.0,5.304018357402423,19.64451243482379,0.10180960238313698,212958,92,54,26,0,eval,dqn,30,200.0,200.0,1.0,73261.0,139697.0,0.0,31531.0,0.14806205918537926,10954.0,True,52379.0,0.0,True,2.54,3.2156207931041716,50000.0,True,35441.0,10954.0,1000.0,0.47706400000000004
0.34412970660261405,0.6558702933973859,0.26851851851851855,0.8333333333333334,1.0,0.0,5.21227509686295,19.304722580973888,0.10360159238813074,213158,93,54,29,0,eval,dqn,31,200.0,200.0,1.0,73354.0,139804.0,0.0,31531.0,0.1479231368280806,10954.0,True,52379.0,0.0,True,2.54,3.2156207931041716,50000.0,True,35441.0,10954.0,1000.0,0.47706400000000004
0.3441492702406284,0.6558507297593716,0.2890625,0.828125,1.0,0.0,4.196972165338643,13.115538016683258,0.15249088504459027,213358,73,64,37,0,eval,dqn,32,200.0,200.0,1.0,73427.0,139931.0,0.0,31531.0,0.14778447492008737,10954.0,True,52379.0,0.0,True,2.54,3.2156207931041716,50000.0,True,35441.0,10954.0,1000.0,0.47706400000000004
0.34420157521610056,0.6557984247838995,0.25833333333333336,0.8166666666666667,1.0,0.0,4.6371786525353516,15.45726217511784,0.1293890196945406,213558,80,60,31,0,eval,dqn,33,200.0,200.0,1.0,73507.0,140051.0,0.0,31531.0,0.14764607272965657,10954.0,True,52379.0,0.0,True,2.54,3.2156207931041716,50000.0,True,35441.0,10954.0,1000.0,0.47706400000000004
0.3443286333143087,0.6556713666856913,0.22115384615384615,0.8653846153846154,1.0,0.0,5.304058736018427,20.40022590776318,0.09803813002085003,213758,96,52,23,0,eval,dqn,34,200.0,200.0,1.0,73603.0,140155.0,0.0,31531.0,0.14750792952778374,10954.0,True,52379.0,0.0,True,2.54,3.2156207931041716,50000.0,True,35441.0,10954.0,1000.0,0.47706400000000004
0.3443666513988727,0.6556333486011273,0.22580645161290322,0.8709677419354839,1.0,0.0,4.5011079949195185,14.5197032094178,0.13774386233340885,213958,77,62,28,0,eval,dqn,35,200.0,200.0,1.0,73680.0,140278.0,0.0,31531.0,0.1473700445881902,10954.0,True,52379.0,0.0,True,2.54,3.2156207931041716,50000.0,True,35441.0,10954.0,1000.0,0.47706400000000004
0.3444746402189038,0.6555253597810962,0.18518518518518517,0.9444444444444444,1.0,0.0,5.340290373761055,19.778853236152056,0.10111809699585479,214158,92,54,20,0,eval,dqn,36,200.0,200.0,1.0,73772.0,140386.0,0.0,31531.0,0.1472324171873103,10954.0,True,52379.0,0.0,True,2.54,3.2156207931041716,50000.0,True,35441.0,10954.0,1000.0,0.47706400000000004
0.34458709262075593,0.6554129073792441,0.21296296296296297,0.9074074074074074,1.0,0.0,5.287023242007349,19.58156756299018,0.10213686894914721,214358,93,54,23,0,eval,dqn,37,200.0,200.0,1.0,73865.0,140493.0,0.0,31531.0,0.14709504660427883,10954.0,True,52379.0,0.0,True,2.54,3.2156207931041716,50000.0,True,35441.0,10954.0,1000.0,0.47706400000000004
0.34462942421163506,0.655370575788365,0.1721311475409836,0.9344262295081968,1.0,0.0,4.646267714850687,15.23366463885471,0.13128817309650076,214558,78,61,21,0,eval,dqn,38,200.0,200.0,1.0,73943.0,140615.0,0.0,31531.0,0.14695793212091834,10954.0,True,52379.0,0.0,True,2.54,3.2156207931041716,50000.0,True,35441.0,10954.0,1000.0,0.47706400000000004
0.3447228974007953,0.6552771025992047,0.29464285714285715,0.8035714285714286,1.0,0.0,4.898078447992397,17.49313731425856,0.11433054940749884,214758,89,56,33,0,eval,dqn,39,200.0,200.0,1.0,74032.0,140726.0,0.0,31531.0,0.14682107302172678,10954.0,True,52379.0,0.0,True,2.54,3.2156207931041716,50000.0,True,35441.0,10954.0,1000.0,0.47706400000000004
0.3448022404376669,0.6551977595623331,0.2719298245614035,0.8070175438596491,1.0,0.0,4.757540462819647,16.69312443094613,0.1198098060236315,214958,86,57,31,0,eval,dqn,40,200.0,200.0,1.0,74118.0,140840.0,0.0,31531.0,0.14668446859386486,10954.0,True,52379.0,0.0,True,2.54,3.2156207931041716,50000.0,True,35441.0,10954.0,1000.0,0.47706400000000004
0.34490002695693395,0.655099973043066,0.19090909090909092,0.9272727272727272,1.0,0.0,5.016309998871147,18.241127268622353,0.10964234668985172,215158,90,55,21,0,eval,dqn,41,200.0,200.0,1.0,74208.0,140950.0,0.0,31531.0,0.14654811812714377,10954.0,True,52379.0,0.0,True,2.54,3.2156207931041716,50000.0,True,35441.0,10954.0,1000.0,0.47706400000000004
0.345025492435851,0.654974507564149,0.23076923076923078,0.8461538461538461,1.0,0.0,5.397110265077011,20.75811640414235,0.09634785551163465,215358,96,52,24,0,eval,dqn,42,200.0,200.0,1.0,74304.0,141054.0,0.0,31531.0,0.14641202091401295,10954.0,True,52379.0,0.0,True,2.54,3.2156207931041716,50000.0,True,35441.0,10954.0,1000.0,0.47706400000000004
0.34509041650043143,0.6549095834995686,0.3220338983050847,0.7796610169491526,1.0,0.0,4.732845741621251,16.0435448868517,0.12466072891652996,215558,83,59,38,0,eval,dqn,43,200.0,200.0,1.0,74387.0,141171.0,0.0,31531.0,0.1462761762495477,10954.0,True,52379.0,0.0,True,2.54,3.2156207931041716,50000.0,True,35441.0,10954.0,1000.0,0.47706400000000004
0.3451737594897988,0.6548262405102012,0.2543859649122807,0.8596491228070176,1.0,0.0,4.864927479533842,17.069920980820495,0.11716515865815487,215758,87,57,29,0,eval,dqn,44,200.0,200.0,1.0,74474.0,141284.0,0.0,31531.0,0.14614058343143707,10954.0,True,52379.0,0.0,True,2.54,3.2156207931041716,50000.0,True,35441.0,10954.0,1000.0,0.47706400000000004
0.3452569481102807,0.6547430518897193,0.12280701754385964,0.9824561403508771,1.0,0.0,5.248958648632055,18.417398767130017,0.1085929682735354,215958,87,57,14,0,eval,dqn,45,200.0,200.0,1.0,74561.0,141397.0,0.0,31531.0,0.14600524175997184,10954.0,True,52379.0,0.0,True,2.54,3.2156207931041716,50000.0,True,35441.0,10954.0,1000.0,0.47706400000000004
0.3453723665096827,0.6546276334903173,0.18867924528301888,0.8867924528301887,1.0,0.0,5.285414996975577,19.944962252738026,0.10027594811443886,216158,94,53,20,0,eval,dqn,46,200.0,200.0,1.0,74655.0,141503.0,0.0,31531.0,0.14587015053803237,10954.0,True,52379.0,0.0,True,2.54,3.2156207931041716,50000.0,True,35441.0,10954.0,1000.0,0.47706400000000004
0.34545059577182263,0.6545494042281774,0.32456140350877194,0.7543859649122807,1.0,0.0,4.875063305189282,17.1054852813659,0.11692155861714885,216358,86,57,37,0,eval,dqn,47,200.0,200.0,1.0,74741.0,141617.0,0.0,31531.0,0.14573530907107665,10954.0,True,52379.0,0.0,True,2.54,3.2156207931041716,50000.0,True,35441.0,10954.0,1000.0,0.47706400000000004
0.34546865043083147,0.6545313495691685,0.1875,0.921875,1.0,0.0,4.475373039669635,13.985540748967608,0.1430048387759077,216558,73,64,24,0,eval,dqn,48,200.0,200.0,1.0,74814.0,141744.0,0.0,31531.0,0.14560071666712843,10954.0,True,52379.0,0.0,True,2.54,3.2156207931041716,50000.0,True,35441.0,10954.0,1000.0,0.47706400000000004
0.34560200776903277,0.6543979922309673,0.23529411764705882,0.8823529411764706,1.0,0.0,5.441730542816114,21.340119775749464,0.09372018625091151,216758,98,51,24,0,eval,dqn,49,200.0,200.0,1.0,74912.0,141846.0,0.0,31531.0,0.14546637263676543,10954.0,True,52379.0,0.0,True,2.54,3.2156207931041716,50000.0,True,35441.0,10954.0,1000.0,0.47706400000000004
0.34567059062122624,0.6543294093787737,0.31896551724137934,0.7758620689655172,1.0,0.0,4.722077630661234,16.283026312624944,0.12282729030839386,216958,84,58,37,0,eval,dqn,50,200.0,200.0,1.0,74996.0,141962.0,0.0,31531.0,0.1453322762931074,10954.0,True,52379.0,0.0,True,2.54,3.2156207931041716,50000.0,True,35441.0,10954.0,1000.0,0.47706400000000004
0.3457850965656342,0.6542149034343658,0.24528301886792453,0.8867924528301887,1.0,0.0,5.221624710708679,19.704244191353506,0.10150097514918272,217158,94,53,26,0,eval,dqn,51,200.0,200.0,1.0,75090.0,142068.0,0.0,31531.0,0.14519842695180468,10954.0,True,52379.0,0.0,True,2.54,3.2156207931041716,50000.0,True,35441.0,10954.0,1000.0,0.47706400000000004
0.34587638826268186,0.6541236117373181,0.29464285714285715,0.8035714285714286,1.0,0.0,4.927743420341031,17.59908364407511,0.1136422804986962,217358,89,56,33,0,eval,dqn,52,200.0,200.0,1.0,75179.0,142179.0,0.0,31531.0,0.14506482393102624,10954.0,True,52379.0,0.0,True,2.54,3.2156207931041716,50000.0,True,35441.0,10954.0,1000.0,0.47706400000000004
0.3460088803905165,0.6539911196094834,0.20588235294117646,0.8431372549019608,1.0,0.0,5.376535944999793,21.084454686273695,0.09485661496865891,217558,98,51,21,0,eval,dqn,53,200.0,200.0,1.0,75277.0,142281.0,0.0,31531.0,0.14493146655144834,10954.0,True,52379.0,0.0,True,2.54,3.2156207931041716,50000.0,True,35441.0,10954.0,1000.0,0.47706400000000004
0.34606765308278,0.65393234691722,0.2966101694915254,0.7796610169491526,1.0,0.0,4.5754356758890875,15.509951443691822,0.12894946881432284,217758,82,59,35,0,eval,dqn,54,200.0,200.0,1.0,75359.0,142399.0,0.0,31531.0,0.14479835413624298,10954.0,True,52379.0,0.0,True,2.54,3.2156207931041716,50000.0,True,35441.0,10954.0,1000.0,0.47706400000000004
0.346144670074051,0.6538553299259491,0.23684210526315788,0.8596491228070176,1.0,0.0,4.853152060028081,17.028603719396777,0.1174494417132897,217958,86,57,27,0,eval,dqn,55,200.0,200.0,1.0,75445.0,142513.0,0.0,31531.0,0.14466548601106635,10954.0,True,52379.0,0.0,True,2.54,3.2156207931041716,50000.0,True,35441.0,10954.0,1000.0,0.47706400000000004
0.3462536326882351,0.6537463673117649,0.3055555555555556,0.7777777777777778,1.0,0.0,5.040770279680047,18.669519554370545,0.10712648465192019,218158,93,54,33,0,eval,dqn,56,200.0,200.0,1.0,75538.0,142620.0,0.0,31531.0,0.14453286150404754,10954.0,True,52379.0,0.0,True,2.54,3.2156207931041716,50000.0,True,35441.0,10954.0,1000.0,0.47706400000000004
0.34632117898130593,0.6536788210186941,0.25862068965517243,0.8793103448275862,1.0,0.0,4.8195569852522615,16.619162018111247,0.12034301114703845,218358,84,58,30,0,eval,dqn,57,200.0,200.0,1.0,75622.0,142736.0,0.0,31531.0,0.14440047994577712,10954.0,True,52379.0,0.0,True,2.54,3.2156207931041716,50000.0,True,35441.0,10954.0,1000.0,0.47706400000000004
0.34635657354111954,0.6536434264588804,0.23387096774193547,0.8870967741935484,1.0,0.0,4.583955660789536,14.786953744482377,0.13525436236292296,218558,77,62,29,0,eval,dqn,58,200.0,200.0,1.0,75699.0,142859.0,0.0,31531.0,0.14426834066929603,10954.0,True,52379.0,0.0,True,2.54,3.2156207931041716,50000.0,True,35441.0,10954.0,1000.0,0.47706400000000004
0.34642390221157626,0.6535760977884237,0.27586206896551724,0.7931034482758621,1.0,0.0,4.700156233009471,16.207435286239555,0.12340015336652561,218758,84,58,32,0,eval,dqn,59,200.0,200.0,1.0,75783.0,142975.0,0.0,31531.0,0.14413644301008421,10954.0,True,52379.0,0.0,True,2.54,3.2156207931041716,50000.0,True,35441.0,10954.0,1000.0,0.47706400000000004
0.3464819737118534,0.6535180262881466,0.2542372881355932,0.864406779661017,1.0,0.0,4.579258434276125,15.522909946698727,0.12884182198231087,218958,82,59,30,0,eval,dqn,60,200.0,200.0,1.0,75865.0,143093.0,0.0,31531.0,0.14400478630604957,10954.0,True,52379.0,0.0,True,2.54,3.2156207931041716,50000.0,True,35441.0,10954.0,1000.0,0.47706400000000004
0.34652168754962176,0.6534783124503782,0.2786885245901639,0.8360655737704918,1.0,0.0,4.507828473178558,14.779765485831335,0.1353201444175353,219158,78,61,34,0,eval,dqn,61,200.0,200.0,1.0,75943.0,143215.0,0.0,31531.0,0.14387336989751687,10954.0,True,52379.0,0.0,True,2.54,3.2156207931041716,50000.0,True,35441.0,10954.0,1000.0,0.47706400000000004
0.34656588772691216,0.6534341122730878,0.1885245901639344,0.9016393442622951,1.0,0.0,4.666591522556621,15.300300073956132,0.13071639055003637,219358,79,61,23,0,eval,dqn,62,200.0,200.0,1.0,76022.0,143336.0,0.0,31531.0,0.1437421931272167,10954.0,True,52379.0,0.0,True,2.54,3.2156207931041716,50000.0,True,35441.0,10954.0,1000.0,0.47706400000000004
0.3466646626403957,0.6533353373596043,0.2818181818181818,0.8363636363636363,1.0,0.0,5.172491174921504,18.80905881789638,0.10633174255891246,219558,91,55,31,0,eval,dqn,63,200.0,200.0,1.0,76113.0,143445.0,0.0,31531.0,0.14361125534027455,10954.0,True,52379.0,0.0,True,2.54,3.2156207931041716,50000.0,True,35441.0,10954.0,1000.0,0.47706400000000004
0.3467314045449995,0.6532685954550005,0.2672413793103448,0.8448275862068966,1.0,0.0,4.8047460421230905,16.56808980042445,0.12071397632989429,219758,84,58,31,0,eval,dqn,64,200.0,200.0,1.0,76197.0,143561.0,0.0,31531.0,0.1434805558841999,10954.0,True,52379.0,0.0,True,2.54,3.2156207931041716,50000.0,True,35441.0,10954.0,1000.0,0.47706400000000004
0.34680257139999454,0.6531974286000055,0.1810344827586207,0.9137931034482759,1.0,0.0,4.8093883010240805,16.58409758973821,0.12059745724347075,219958,85,58,21,0,eval,dqn,65,200.0,200.0,1.0,76282.0,143676.0,0.0,31531.0,0.14335009410887534,10954.0,True,52379.0,0.0,True,2.54,3.2156207931041716,50000.0,True,35441.0,10954.0,1000.0,0.47706400000000004
0.34685544018386794,0.6531445598161321,0.20833333333333334,0.8833333333333333,1.0,0.0,4.6584150675237295,15.528050225079097,0.12879917124236454,220158,81,60,25,0,eval,dqn,66,200.0,200.0,1.0,76363.0,143795.0,0.0,31531.0,0.14321986936654585,10954.0,True,52379.0,0.0,True,2.54,3.2156207931041716,50000.0,True,35441.0,10954.0,1000.0,0.47706400000000004
0.34691275106871544,0.6530872489312846,0.17796610169491525,0.9322033898305084,1.0,0.0,4.79045562323731,16.238832621143427,0.12316156257414357,220358,82,59,21,0,eval,dqn,67,200.0,200.0,1.0,76445.0,143913.0,0.0,31531.0,0.14308988101180806,10954.0,True,52379.0,0.0,True,2.54,3.2156207931041716,50000.0,True,35441.0,10954.0,1000.0,0.47706400000000004
0.34696995801557867,0.6530300419844213,0.1864406779661017,0.9152542372881356,1.0,0.0,4.709822369245489,15.96549955676437,0.1252701171603883,220558,82,59,22,0,eval,dqn,68,200.0,200.0,1.0,76527.0,144031.0,0.0,31531.0,0.14296012840159958,10954.0,True,52379.0,0.0,True,2.54,3.2156207931041716,50000.0,True,35441.0,10954.0,1000.0,0.47706400000000004
0.3471221880973736,0.6528778119026264,0.21428571428571427,0.8979591836734694,1.0,0.0,5.7010259077630465,23.269493501073658,0.08594944277182998,220758,103,49,21,0,eval,dqn,69,200.0,200.0,1.0,76630.0,144128.0,0.0,31531.0,0.1428306108951884,10954.0,True,52379.0,0.0,True,2.54,3.2156207931041716,50000.0,True,35441.0,10954.0,1000.0,0.47706400000000004
0.347192679151694,0.6528073208483061,0.23275862068965517,0.896551724137931,1.0,0.0,4.946911485735864,17.0583154680547,0.11724487120345631,220958,85,58,27,0,eval,dqn,70,200.0,200.0,1.0,76715.0,144243.0,0.0,31531.0,0.14270132785416234,10954.0,True,52379.0,0.0,True,2.54,3.2156207931041716,50000.0,True,35441.0,10954.0,1000.0,0.47706400000000004
0.34721782616952584,0.6527821738304742,0.18253968253968253,0.9365079365079365,1.0,0.0,4.488822521123586,14.250230225789162,0.14034860969337373,221158,75,63,23,0,eval,dqn,71,200.0,200.0,1.0,76790.0,144368.0,0.0,31531.0,0.14257227864241853,10954.0,True,52379.0,0.0,True,2.54,3.2156207931041716,50000.0,True,35441.0,10954.0,1000.0,0.47706400000000004
0.34720226962657774,0.6527977303734223,0.291044776119403,0.8208955223880597,1.0,0.0,3.9188445113830004,11.698043317561195,0.17096876338264058,221358,66,67,39,0,eval,dqn,72,200.0,200.0,1.0,76856.0,144502.0,0.0,31531.0,0.14244346262615312,10954.0,True,52379.0,0.0,True,2.54,3.2156207931041716,50000.0,True,35441.0,10954.0,1000.0,0.47706400000000004
0.347299578439957,0.6527004215600429,0.21818181818181817,0.8909090909090909,1.0,0.0,5.135255932430925,18.673657936112456,0.10710274370680513,221558,91,55,24,0,eval,dqn,73,200.0,200.0,1.0,76947.0,144611.0,0.0,31531.0,0.14231487917385063,10954.0,True,52379.0,0.0,True,2.54,3.2156207931041716,50000.0,True,35441.0,10954.0,1000.0,0.47706400000000004
0.34740122115098443,0.6525987788490155,0.25,0.9074074074074074,1.0,0.0,5.218965199854466,19.329500740201727,0.10346878726362425,221758,92,54,27,0,eval,dqn,74,200.0,200.0,1.0,77039.0,144719.0,0.0,31531.0,0.14218652765627396,10954.0,True,52379.0,0.0,True,2.54,3.2156207931041716,50000.0,True,35441.0,10954.0,1000.0,0.47706400000000004
0.34741257354995086,0.6525874264500491,0.25,0.828125,1.0,0.0,4.15393282153018,12.981040067281812,0.1540708594714933,221958,72,64,32,0,eval,dqn,75,200.0,200.0,1.0,77111.0,144847.0,0.0,31531.0,0.14205840744645384,10954.0,True,52379.0,0.0,True,2.54,3.2156207931041716,50000.0,True,35441.0,10954.0,1000.0,0.47706400000000004
0.34749592632270726,0.6525040736772927,0.23214285714285715,0.8928571428571429,1.0,0.0,4.948917712948622,17.674706117673647,0.11315605400647197,222158,88,56,26,0,eval,dqn,76,200.0,200.0,1.0,77199.0,144959.0,0.0,31531.0,0.14193051791967878,10954.0,True,52379.0,0.0,True,2.54,3.2156207931041716,50000.0,True,35441.0,10954.0,1000.0,0.47706400000000004
0.347583626404267,0.652416373595733,0.19642857142857142,0.9107142857142857,1.0,0.0,5.121355392066054,18.290554971664477,0.10934605336461237,222358,89,56,22,0,eval,dqn,77,200.0,200.0,1.0,77288.0,145070.0,0.0,31531.0,0.14180285845348492,10954.0,True,52379.0,0.0,True,2.54,3.2156207931041716,50000.0,True,35441.0,10954.0,1000.0,0.47706400000000004
0.34766218244232966,0.6523378175576704,0.19298245614035087,0.8947368421052632,1.0,0.0,5.023976228699176,17.62798676736553,0.11345595083509903,222558,87,57,22,0,eval,dqn,78,200.0,200.0,1.0,77375.0,145183.0,0.0,31531.0,0.14167542842764583,10954.0,True,52379.0,0.0,True,2.54,3.2156207931041716,50000.0,True,35441.0,10954.0,1000.0,0.47706400000000004
0.34774059741962127,0.6522594025803787,0.16666666666666666,0.9298245614035088,1.0,0.0,4.956539120074603,17.391365333595097,0.11499959673301655,222758,87,57,19,0,eval,dqn,79,200.0,200.0,1.0,77462.0,145296.0,0.0,31531.0,0.14154822722416255,10954.0,True,52379.0,0.0,True,2.54,3.2156207931041716,50000.0,True,35441.0,10954.0,1000.0,0.47706400000000004
0.3478637232124436,0.6521362767875565,0.19230769230769232,0.9230769230769231,1.0,0.0,5.477249699713877,21.066344998899524,0.09493815847525887,222958,97,52,20,0,eval,dqn,80,200.0,200.0,1.0,77559.0,145399.0,0.0,31531.0,0.14142125422725357,10954.0,True,52379.0,0.0,True,2.54,3.2156207931041716,50000.0,True,35441.0,10954.0,1000.0,0.47706400000000004
0.34793733587861514,0.6520626641213849,0.18421052631578946,0.8947368421052632,1.0,0.0,4.9379809747909125,17.32624903435408,0.11543179346172659,223158,86,57,21,0,eval,dqn,81,200.0,200.0,1.0,77645.0,145513.0,0.0,31531.0,0.1412945088233449,10954.0,True,52379.0,0.0,True,2.54,3.2156207931041716,50000.0,True,35441.0,10954.0,1000.0,0.47706400000000004
0.34798395401104953,0.6520160459889505,0.25833333333333336,0.8333333333333334,1.0,0.0,4.634099865579185,15.446999551930617,0.12947498271598212,223358,80,60,31,0,eval,dqn,82,200.0,200.0,1.0,77725.0,145633.0,0.0,31531.0,0.14116799040106018,10954.0,True,52379.0,0.0,True,2.54,3.2156207931041716,50000.0,True,35441.0,10954.0,1000.0,0.47706400000000004
0.34803496184435356,0.6519650381556464,0.175,0.9,1.0,0.0,4.684250095050386,15.614166983501287,0.12808880564126798,223558,81,60,21,0,eval,dqn,83,200.0,200.0,1.0,77806.0,145752.0,0.0,31531.0,0.14104169835121086,10954.0,True,52379.0,0.0,True,2.54,3.2156207931041716,50000.0,True,35441.0,10954.0,1000.0,0.47706400000000004
0.3480948167216368,0.6519051832783632,0.17796610169491525,0.9152542372881356,1.0,0.0,4.656709490576442,15.785455900259125,0.12669890642608359,223758,83,59,21,0,eval,dqn,84,200.0,200.0,1.0,77889.0,145869.0,0.0,31531.0,0.14091563206678645,10954.0,True,52379.0,0.0,True,2.54,3.2156207931041716,50000.0,True,35441.0,10954.0,1000.0,0.47706400000000004
0.34820368104733923,0.6517963189526608,0.2169811320754717,0.8490566037735849,1.0,0.0,5.319371181880951,20.073098799550756,0.09963583699616727,223958,94,53,23,0,eval,dqn,85,200.0,200.0,1.0,77983.0,145975.0,0.0,31531.0,0.14078979094294466,10954.0,True,52379.0,0.0,True,2.54,3.2156207931041716,50000.0,True,35441.0,10954.0,1000.0,0.47706400000000004
0.3482855842753772,0.6517144157246229,0.20535714285714285,0.8571428571428571,1.0,0.0,5.003934044005808,17.87119301430646,0.11191194669538494,224158,88,56,23,0,eval,dqn,86,200.0,200.0,1.0,78071.0,146087.0,0.0,31531.0,0.14066417437700193,10954.0,True,52379.0,0.0,True,2.54,3.2156207931041716,50000.0,True,35441.0,10954.0,1000.0,0.47706400000000004
0.3483584271565979,0.6516415728434021,0.16666666666666666,0.9649122807017544,1.0,0.0,5.102656656327267,17.904058443253568,0.11170651650512346,224358,86,57,19,0,eval,dqn,87,200.0,200.0,1.0,78157.0,146201.0,0.0,31531.0,0.1405387817684237,10954.0,True,52379.0,0.0,True,2.54,3.2156207931041716,50000.0,True,35441.0,10954.0,1000.0,0.47706400000000004
0.3484355934769636,0.6515644065230364,0.17543859649122806,0.9298245614035088,1.0,0.0,5.033601263603153,17.661758819660182,0.11323900526677447,224558,87,57,20,0,eval,dqn,88,200.0,200.0,1.0,78244.0,146314.0,0.0,31531.0,0.14041361251881473,10954.0,True,52379.0,0.0,True,2.54,3.2156207931041716,50000.0,True,35441.0,10954.0,1000.0,0.47706400000000004
0.3484903763158597,0.6515096236841402,0.22033898305084745,0.864406779661017,1.0,0.0,4.69216927884825,15.90565857236695,0.12574141403202374,224758,82,59,26,0,eval,dqn,89,200.0,200.0,1.0,78326.0,146432.0,0.0,31531.0,0.14028866603190987,10954.0,True,52379.0,0.0,True,2.54,3.2156207931041716,50000.0,True,35441.0,10954.0,1000.0,0.47706400000000004
0.3485628428417749,0.6514371571582251,0.2543859649122807,0.8771929824561403,1.0,0.0,4.853001827343573,17.028076587170432,0.11745307755468239,224958,86,57,29,0,eval,dqn,90,200.0,200.0,1.0,78412.0,146546.0,0.0,31531.0,0.1401639417135643,10954.0,True,52379.0,0.0,True,2.54,3.2156207931041716,50000.0,True,35441.0,10954.0,1000.0,0.47706400000000004
0.3486485046056547,0.6513514953943453,0.2857142857142857,0.8571428571428571,1.0,0.0,5.147866496474536,18.385237487409057,0.10878292985715739,225158,89,56,32,0,eval,dqn,91,200.0,200.0,1.0,78501.0,146657.0,0.0,31531.0,0.14003943897174428,10954.0,True,52379.0,0.0,True,2.54,3.2156207931041716,50000.0,True,35441.0,10954.0,1000.0,0.47706400000000004
0.34876507601238915,0.6512349239876108,0.19230769230769232,0.9038461538461539,1.0,0.0,5.311948745502681,20.430572098087232,0.09789251081164024,225358,96,52,20,0,eval,dqn,92,200.0,200.0,1.0,78597.0,146761.0,0.0,31531.0,0.1399151572165177,10954.0,True,52379.0,0.0,True,2.54,3.2156207931041716,50000.0,True,35441.0,10954.0,1000.0,0.47706400000000004
0.3488238058503799,0.6511761941496201,0.2457627118644068,0.864406779661017,1.0,0.0,4.665067333145982,15.813787569986381,0.1264719151657178,225558,83,59,29,0,eval,dqn,93,200.0,200.0,1.0,78680.0,146878.0,0.0,31531.0,0.13979109586004487,10954.0,True,52379.0,0.0,True,2.54,3.2156207931041716,50000.0,True,35441.0,10954.0,1000.0,0.47706400000000004
0.34886028402094277,0.6511397159790573,0.27049180327868855,0.8524590163934426,1.0,0.0,4.546806362206063,14.907561843298566,0.13416010082822932,225758,78,61,33,0,eval,dqn,94,200.0,200.0,1.0,78758.0,147000.0,0.0,31531.0,0.13966725431656907,10954.0,True,52379.0,0.0,True,2.54,3.2156207931041716,50000.0,True,35441.0,10954.0,1000.0,0.47706400000000004
0.3489321024261146,0.6510678975738854,0.18421052631578946,0.8596491228070176,1.0,0.0,4.962864299025936,17.413558943950655,0.11485302955228378,225958,86,57,21,0,eval,dqn,95,200.0,200.0,1.0,78844.0,147114.0,0.0,31531.0,0.13954363200240752,10954.0,True,52379.0,0.0,True,2.54,3.2156207931041716,50000.0,True,35441.0,10954.0,1000.0,0.47706400000000004
0.348999372120376,0.651000627879624,0.19827586206896552,0.9137931034482759,1.0,0.0,4.9634016539411165,17.115178117038333,0.1168553424523803,226158,85,58,23,0,eval,dqn,96,200.0,200.0,1.0,78929.0,147229.0,0.0,31531.0,0.13942022833594214,10954.0,True,52379.0,0.0,True,2.54,3.2156207931041716,50000.0,True,35441.0,10954.0,1000.0,0.47706400000000004
0.34904443403811664,0.6509555659618833,0.35833333333333334,0.7666666666666667,1.0,0.0,4.523498744795479,15.078329149318261,0.13264069116639665,226358,80,60,43,0,eval,dqn,97,200.0,200.0,1.0,79009.0,147349.0,0.0,31531.0,0.13929704273761034,10954.0,True,52379.0,0.0,True,2.54,3.2156207931041716,50000.0,True,35441.0,10954.0,1000.0,0.47706400000000004
0.34909383027745655,0.6509061697225434,0.21666666666666667,0.8833333333333333,1.0,0.0,4.6394125337170475,15.464708445723492,0.12932671876869858,226558,81,60,26,0,eval,dqn,98,200.0,200.0,1.0,79090.0,147468.0,0.0,31531.0,0.1391740746298961,10954.0,True,52379.0,0.0,True,2.54,3.2156207931041716,50000.0,True,35441.0,10954.0,1000.0,0.47706400000000004
0.349209289198176,0.650790710801824,0.2403846153846154,0.8653846153846154,1.0,0.0,5.2406082273277805,20.156185489722233,0.0992251237725418,226758,96,52,25,0,eval,dqn,99,200.0,200.0,1.0,79186.0,147572.0,0.0,31531.0,0.13905132343732085,10954.0,True,52379.0,0.0,True,2.54,3.2156207931041716,50000.0,True,35441.0,10954.0,1000.0,0.47706400000000004
